{"models": [{"model": "CUSTOM.json", "grid": [4, 5], "well_locations": [[303.0, 237.5, 61.150000000000006], [318.875, 237.5, 61.275000000000006], [334.75, 237.5, 61.400000000000006], [350.625, 237.5, 61.525000000000006], [366.5, 237.5, 61.650000000000006], [303.0, 220.5, 61.150000000000006], [318.875, 220.5, 61.275000000000006], [334.75, 220.5, 61.400000000000006], [350.625, 220.5, 61.525000000000006], [366.5, 220.5, 61.650000000000006], [303.0, 203.5, 61.150000000000006], [318.875, 203.5, 61.275000000000006], [334.75, 203.5, 61.400000000000006], [350.625, 203.5, 61.525000000000006], [366.5, 203.5, 61.650000000000006], [303.0, 186.5, 61.150000000000006], [318.875, 186.5, 61.275000000000006], [334.75, 186.5, 61.400000000000006], [350.625, 186.5, 61.525000000000006], [366.5, 186.5, 61.650000000000006]], "well_depths": [20, 20, 20, 20, 20, 20, 20, 20, 20, 20, 20, 20, 20, 20, 20, 20, 20, 20, 20, 20], "well_nicknames": ["A1", "A2", "A3", "A4", "A5", "B1", "B2", "B3", "B4", "B5", "C1", "C2", "C3", "C4", "C5", "D1", "D2", "D3", "D4", "D5"], "offset": 0}, {"model": "MicroPOTS_3.json", "grid": [3, 9], "well_locations": [[66.33500000000001, 283.11999999999995, 135.01500000000013], [70.83500000000001, 283.11999999999995, 135.00500000000014], [75.33500000000001, 283.11999999999995, 134.99500000000015], [79.83500000000001, 283.11999999999995, 134.98500000000016], [84.33500000000001, 283.11999999999995, 134.97500000000016], [88.83500000000001, 283.11999999999995, 134.96500000000017], [93.33500000000001, 283.11999999999995, 134.95500000000018], [97.83500000000001, 283.11999999999995, 134.9450000000002], [102.33500000000001, 283.11999999999995, 134.9350000000002], [66.3525, 278.69499999999994, 135.0275000000001], [70.8525, 278.69499999999994, 135.0175000000001], [75.3525, 278.69499999999994, 135.0075000000001], [79.8525, 278.69499999999994, 134.99750000000012], [84.3525, 278.69499999999994, 134.98750000000013], [88.8525, 278.69499999999994, 134.97750000000013], [93.3525, 278.69499999999994, 134.96750000000014], [97.8525, 278.69499999999994, 134.95750000000015], [102.3525, 278.69499999999994, 134.94750000000016], [66.37, 274.27, 135.04000000000005], [70.87, 274.27, 135.03000000000006], [75.37, 274.27, 135.02000000000007], [79.87, 274.27, 135.01000000000008], [84.37, 274.27, 135.00000000000009], [88.87, 274.27, 134.9900000000001], [93.37, 274.27, 134.9800000000001], [97.87, 274.27, 134.9700000000001], [102.37, 274.27, 134.96000000000012]], "well_depths": [0, 0, 0, 0, 0, 0, 0, 0, 0, 0, 0, 0, 0, 0, 0, 0, 0, 0, 0, 0, 0, 0, 0, 0, 0, 0, 0], "well_nicknames": ["A1", "A2", "A3", "A4", "A5", "A6", "A7", "A8", "A9", "B1", "B2", "B3", "B4", "B5", "B6", "B7", "B8", "B9", "C1", "C2", "C3", "C4", "C5", "C6", "C7", "C8", "C9"], "offset": 0}]}