{"models": [{"model": "CUSTOM.json", "grid": [4, 5], "well_locations": [[303.0, 237.5, 61.150000000000006], [318.875, 237.5, 61.275000000000006], [334.75, 237.5, 61.400000000000006], [350.625, 237.5, 61.525000000000006], [366.5, 237.5, 61.650000000000006], [303.0, 220.5, 61.150000000000006], [318.875, 220.5, 61.275000000000006], [334.75, 220.5, 61.400000000000006], [350.625, 220.5, 61.525000000000006], [366.5, 220.5, 61.650000000000006], [303.0, 203.5, 61.150000000000006], [318.875, 203.5, 61.275000000000006], [334.75, 203.5, 61.400000000000006], [350.625, 203.5, 61.525000000000006], [366.5, 203.5, 61.650000000000006], [303.0, 186.5, 61.150000000000006], [318.875, 186.5, 61.275000000000006], [334.75, 186.5, 61.400000000000006], [350.625, 186.5, 61.525000000000006], [366.5, 186.5, 61.650000000000006]], "well_depths": [20, 20, 20, 20, 20, 20, 20, 20, 20, 20, 20, 20, 20, 20, 20, 20, 20, 20, 20, 20], "well_nicknames": ["A1", "A2", "A3", "A4", "A5", "B1", "B2", "B3", "B4", "B5", "C1", "C2", "C3", "C4", "C5", "D1", "D2", "D3", "D4", "D5"], "offset": 0}, {"model": "MicroPOTS_3.json", "grid": [3, 9], "well_locations": [[66.48499999999999, 283.0214285714287, 134.97678571428594], [70.98499999999999, 283.0285714285715, 134.96571428571454], [75.48499999999999, 283.0357142857144, 134.9546428571431], [79.98499999999999, 283.04285714285726, 134.9435714285717], [84.48499999999999, 283.0500000000001, 134.93250000000026], [88.98499999999999, 283.057142857143, 134.92142857142883], [93.48499999999999, 283.06428571428586, 134.9103571428574], [97.98499999999999, 283.0714285714287, 134.89928571428598], [102.48499999999999, 283.07857142857154, 134.88821428571458], [66.49999999999999, 278.5439285714287, 134.9867857142859], [70.99999999999999, 278.5510714285715, 134.9757142857145], [75.49999999999999, 278.55821428571437, 134.96464285714308], [79.99999999999999, 278.56535714285724, 134.95357142857165], [84.49999999999999, 278.5725000000001, 134.94250000000022], [88.99999999999999, 278.57964285714297, 134.9314285714288], [93.49999999999999, 278.58678571428584, 134.92035714285737], [97.99999999999999, 278.5939285714287, 134.90928571428594], [102.49999999999999, 278.6010714285715, 134.89821428571454], [66.51499999999999, 274.0664285714287, 134.99678571428586], [71.01499999999999, 274.0735714285715, 134.98571428571447], [75.51499999999999, 274.08071428571435, 134.97464285714304], [80.01499999999999, 274.0878571428572, 134.9635714285716], [84.51499999999999, 274.0950000000001, 134.95250000000019], [89.01499999999999, 274.10214285714295, 134.94142857142876], [93.51499999999999, 274.1092857142858, 134.93035714285733], [98.01499999999999, 274.1164285714287, 134.9192857142859], [102.51499999999999, 274.1235714285715, 134.9082142857145]], "well_depths": [0, 0, 0, 0, 0, 0, 0, 0, 0, 0, 0, 0, 0, 0, 0, 0, 0, 0, 0, 0, 0, 0, 0, 0, 0, 0, 0], "well_nicknames": ["A1", "A2", "A3", "A4", "A5", "A6", "A7", "A8", "A9", "B1", "B2", "B3", "B4", "B5", "B6", "B7", "B8", "B9", "C1", "C2", "C3", "C4", "C5", "C6", "C7", "C8", "C9"], "offset": 0}]}