{"models": [{"model": "CUSTOM.json", "grid": [4, 5], "well_locations": [[302.0, 144.5, 64.65], [317.75, 144.5, 64.65], [333.5, 144.5, 64.65], [349.25, 144.5, 64.65], [365.0, 144.5, 64.65], [302.0, 127.66666666666667, 64.65], [317.75, 127.66666666666667, 64.65], [333.5, 127.66666666666667, 64.65], [349.25, 127.66666666666667, 64.65], [365.0, 127.66666666666667, 64.65], [302.0, 110.83333333333334, 64.65], [317.75, 110.83333333333334, 64.65], [333.5, 110.83333333333334, 64.65], [349.25, 110.83333333333334, 64.65], [365.0, 110.83333333333334, 64.65], [302.0, 94.00000000000001, 64.65], [317.75, 94.00000000000001, 64.65], [333.5, 94.00000000000001, 64.65], [349.25, 94.00000000000001, 64.65], [365.0, 94.00000000000001, 64.65]], "well_depths": [20, 20, 20, 20, 20, 20, 20, 20, 20, 20, 20, 20, 20, 20, 20, 20, 20, 20, 20, 20], "well_nicknames": ["A1", "A2", "A3", "A4", "A5", "B1", "B2", "B3", "B4", "B5", "C1", "C2", "C3", "C4", "C5", "D1", "D2", "D3", "D4", "D5"], "offset": 0}, {"model": "MicroPOTS_3.json", "grid": [3, 9], "well_locations": [[67.30321428571429, 34.43785714285714, 44.56178571428569], [71.80428571428571, 34.47714285714286, 44.56071428571426], [76.30535714285713, 34.51642857142857, 44.55964285714283], [80.80642857142857, 34.55571428571428, 44.558571428571405], [85.3075, 34.59499999999999, 44.557499999999976], [89.80857142857143, 34.6342857142857, 44.55642857142855], [94.30964285714285, 34.673571428571414, 44.55535714285712], [98.81071428571428, 34.712857142857125, 44.55428571428569], [103.31178571428572, 34.75214285714284, 44.55321428571426], [67.30321428571429, 29.937857142857144, 44.55178571428569], [71.80428571428571, 29.977142857142855, 44.550714285714264], [76.30535714285713, 30.016428571428566, 44.549642857142835], [80.80642857142857, 30.05571428571428, 44.54857142857141], [85.3075, 30.09499999999999, 44.54749999999998], [89.80857142857143, 30.134285714285703, 44.54642857142855], [94.30964285714285, 30.173571428571417, 44.54535714285712], [98.81071428571428, 30.21285714285713, 44.54428571428569], [103.31178571428572, 30.25214285714284, 44.543214285714264], [67.30321428571429, 25.437857142857144, 44.54178571428569], [71.80428571428571, 25.477142857142855, 44.54071428571426], [76.30535714285713, 25.516428571428566, 44.53964285714283], [80.80642857142857, 25.55571428571428, 44.5385714285714], [85.3075, 25.59499999999999, 44.53749999999997], [89.80857142857143, 25.634285714285703, 44.536428571428544], [94.30964285714285, 25.673571428571417, 44.535357142857116], [98.81071428571428, 25.71285714285713, 44.53428571428569], [103.31178571428572, 25.75214285714284, 44.53321428571426]], "well_depths": [0, 0, 0, 0, 0, 0, 0, 0, 0, 0, 0, 0, 0, 0, 0, 0, 0, 0, 0, 0, 0, 0, 0, 0, 0, 0, 0], "well_nicknames": ["A1", "A2", "A3", "A4", "A5", "A6", "A7", "A8", "A9", "B1", "B2", "B3", "B4", "B5", "B6", "B7", "B8", "B9", "C1", "C2", "C3", "C4", "C5", "C6", "C7", "C8", "C9"], "offset": 0}, {"model": "MicroPOTS_3.json", "grid": [3, 9], "well_locations": [[201.86499999999984, 35.82249999999998, 45.30999999999995], [206.36499999999984, 35.83999999999998, 45.314999999999955], [210.86499999999984, 35.85749999999998, 45.31999999999995], [215.36499999999984, 35.87499999999998, 45.32499999999995], [219.86499999999984, 35.89249999999998, 45.329999999999956], [224.36499999999984, 35.909999999999975, 45.33499999999995], [228.86499999999984, 35.927499999999974, 45.339999999999954], [233.36499999999984, 35.94499999999997, 45.34499999999995], [237.86499999999984, 35.96249999999998, 45.34999999999995], [201.88999999999984, 31.32249999999998, 45.33999999999996], [206.38999999999984, 31.33999999999998, 45.34499999999996], [210.88999999999984, 31.357499999999977, 45.34999999999996], [215.38999999999984, 31.37499999999998, 45.35499999999996], [219.88999999999984, 31.392499999999977, 45.35999999999996], [224.38999999999984, 31.409999999999975, 45.36499999999996], [228.88999999999984, 31.427499999999977, 45.36999999999996], [233.38999999999984, 31.444999999999975, 45.37499999999996], [237.88999999999984, 31.462499999999974, 45.37999999999996], [201.91499999999985, 26.82249999999998, 45.36999999999996], [206.41499999999985, 26.83999999999998, 45.374999999999964], [210.91499999999985, 26.857499999999977, 45.37999999999996], [215.41499999999985, 26.87499999999998, 45.38499999999996], [219.91499999999985, 26.892499999999977, 45.38999999999996], [224.41499999999985, 26.909999999999975, 45.39499999999996], [228.91499999999985, 26.927499999999977, 45.39999999999996], [233.41499999999985, 26.944999999999975, 45.40499999999996], [237.91499999999985, 26.962499999999974, 45.40999999999996]], "well_depths": [0, 0, 0, 0, 0, 0, 0, 0, 0, 0, 0, 0, 0, 0, 0, 0, 0, 0, 0, 0, 0, 0, 0, 0, 0, 0, 0], "well_nicknames": ["A1", "A2", "A3", "A4", "A5", "A6", "A7", "A8", "A9", "B1", "B2", "B3", "B4", "B5", "B6", "B7", "B8", "B9", "C1", "C2", "C3", "C4", "C5", "C6", "C7", "C8", "C9"], "offset": 0}, {"model": "CUSTOM_SMALL.json", "grid": [10, 2], "well_locations": [[389.41499999999985, 154.115, 57.424999999999955], [405.41499999999985, 154.115, 57.424999999999955], [389.41499999999985, 146.38166666666666, 57.424999999999955], [405.41499999999985, 146.38166666666666, 57.424999999999955], [389.41499999999985, 138.6483333333333, 57.424999999999955], [405.41499999999985, 138.6483333333333, 57.424999999999955], [389.41499999999985, 130.91499999999996, 57.424999999999955], [405.41499999999985, 130.91499999999996, 57.424999999999955], [389.41499999999985, 123.18166666666663, 57.424999999999955], [405.41499999999985, 123.18166666666663, 57.424999999999955], [389.41499999999985, 115.4483333333333, 57.424999999999955], [405.41499999999985, 115.4483333333333, 57.424999999999955], [389.41499999999985, 107.71499999999996, 57.424999999999955], [405.41499999999985, 107.71499999999996, 57.424999999999955], [389.41499999999985, 99.98166666666663, 57.424999999999955], [405.41499999999985, 99.98166666666663, 57.424999999999955], [389.41499999999985, 92.24833333333329, 57.424999999999955], [405.41499999999985, 92.24833333333329, 57.424999999999955], [389.41499999999985, 84.51499999999996, 57.424999999999955], [405.41499999999985, 84.51499999999996, 57.424999999999955]], "well_depths": [18.0, 18.0, 18.0, 18.0, 18.0, 18.0, 18.0, 18.0, 18.0, 18.0, 18.0, 18.0, 18.0, 18.0, 18.0, 18.0, 18.0, 18.0, 18.0, 18.0], "well_nicknames": ["A1", "A2", "B1", "B2", "C1", "C2", "D1", "D2", "E1", "E2", "F1", "F2", "G1", "G2", "H1", "H2", "I1", "I2", "J1", "J2"], "offset": 0}]}