{
    "models": [
        {
            "model": "CUSTOM.json",
            "grid": [
                4,
                5
            ],
            "well_locations": [
                [
                    302.5,
                    237.5,
                    60.150000000000006
                ],
                [
                    318.375,
                    237.5,
                    60.150000000000006
                ],
                [
                    334.25,
                    237.5,
                    60.150000000000006
                ],
                [
                    350.125,
                    237.5,
                    60.150000000000006
                ],
                [
                    366.0,
                    237.5,
                    60.150000000000006
                ],
                [
                    302.5,
                    220.66666666666666,
                    60.150000000000006
                ],
                [
                    318.375,
                    220.66666666666666,
                    60.150000000000006
                ],
                [
                    334.25,
                    220.66666666666666,
                    60.150000000000006
                ],
                [
                    350.125,
                    220.66666666666666,
                    60.150000000000006
                ],
                [
                    366.0,
                    220.66666666666666,
                    60.150000000000006
                ],
                [
                    302.5,
                    203.83333333333331,
                    60.150000000000006
                ],
                [
                    318.375,
                    203.83333333333331,
                    60.150000000000006
                ],
                [
                    334.25,
                    203.83333333333331,
                    60.150000000000006
                ],
                [
                    350.125,
                    203.83333333333331,
                    60.150000000000006
                ],
                [
                    366.0,
                    203.83333333333331,
                    60.150000000000006
                ],
                [
                    302.5,
                    186.99999999999997,
                    60.150000000000006
                ],
                [
                    318.375,
                    186.99999999999997,
                    60.150000000000006
                ],
                [
                    334.25,
                    186.99999999999997,
                    60.150000000000006
                ],
                [
                    350.125,
                    186.99999999999997,
                    60.150000000000006
                ],
                [
                    366.0,
                    186.99999999999997,
                    60.150000000000006
                ]
            ],
            "well_depths": [
                20,
                20,
                20,
                20,
                20,
                20,
                20,
                20,
                20,
                20,
                20,
                20,
                20,
                20,
                20,
                20,
                20,
                20,
                20,
                20
            ],
            "well_nicknames": [
                "A1",
                "A2",
                "A3",
                "A4",
                "A5",
                "B1",
                "B2",
                "B3",
                "B4",
                "B5",
                "C1",
                "C2",
                "C3",
                "C4",
                "C5",
                "D1",
                "D2",
                "D3",
                "D4",
                "D5"
            ],
            "offset": 0
        },
        {
            "model": "MicroPOTS_3.json",
            "grid": [
                3,
                9
            ],