{"models": [{"model": "CUSTOM.json", "grid": [4, 5], "well_locations": [[302.5, 237.5, 60.150000000000006], [318.375, 237.5, 60.150000000000006], [334.25, 237.5, 60.150000000000006], [350.125, 237.5, 60.150000000000006], [366.0, 237.5, 60.150000000000006], [302.5, 220.66666666666666, 60.150000000000006], [318.375, 220.66666666666666, 60.150000000000006], [334.25, 220.66666666666666, 60.150000000000006], [350.125, 220.66666666666666, 60.150000000000006], [366.0, 220.66666666666666, 60.150000000000006], [302.5, 203.83333333333331, 60.150000000000006], [318.375, 203.83333333333331, 60.150000000000006], [334.25, 203.83333333333331, 60.150000000000006], [350.125, 203.83333333333331, 60.150000000000006], [366.0, 203.83333333333331, 60.150000000000006], [302.5, 186.99999999999997, 60.150000000000006], [318.375, 186.99999999999997, 60.150000000000006], [334.25, 186.99999999999997, 60.150000000000006], [350.125, 186.99999999999997, 60.150000000000006], [366.0, 186.99999999999997, 60.150000000000006]], "well_depths": [20, 20, 20, 20, 20, 20, 20, 20, 20, 20, 20, 20, 20, 20, 20, 20, 20, 20, 20, 20], "well_nicknames": ["A1", "A2", "A3", "A4", "A5", "B1", "B2", "B3", "B4", "B5", "C1", "C2", "C3", "C4", "C5", "D1", "D2", "D3", "D4", "D5"], "offset": 0}, {"model": "MicroPOTS_3.json", "grid": [3, 9], "well_locations": [[66.05535714285715, 282.30000000000007, 135.5532142857145], [70.55714285714286, 282.3, 135.5442857142859], [75.05892857142858, 282.3, 135.53535714285735], [79.5607142857143, 282.3, 135.52642857142877], [84.06250000000001, 282.3, 135.5175000000002], [88.56428571428573, 282.3, 135.50857142857166], [93.06607142857145, 282.3, 135.49964285714307], [97.56785714285716, 282.3, 135.49071428571452], [102.06964285714288, 282.29999999999995, 135.48178571428593], [66.03035714285716, 277.80000000000007, 135.56571428571448], [70.53214285714287, 277.8, 135.5567857142859], [75.03392857142859, 277.8, 135.54785714285734], [79.5357142857143, 277.8, 135.53892857142876], [84.03750000000002, 277.8, 135.5300000000002], [88.53928571428574, 277.8, 135.52107142857164], [93.04107142857146, 277.8, 135.51214285714306], [97.54285714285717, 277.8, 135.5032142857145], [102.04464285714289, 277.79999999999995, 135.49428571428592], [66.00535714285715, 273.30000000000007, 135.57821428571447], [70.50714285714287, 273.3, 135.56928571428588], [75.00892857142858, 273.3, 135.56035714285733], [79.5107142857143, 273.3, 135.55142857142874], [84.01250000000002, 273.3, 135.5425000000002], [88.51428571428573, 273.3, 135.53357142857163], [93.01607142857145, 273.3, 135.52464285714305], [97.51785714285717, 273.3, 135.5157142857145], [102.01964285714288, 273.29999999999995, 135.5067857142859]], "well_depths": [0, 0, 0, 0, 0, 0, 0, 0, 0, 0, 0, 0, 0, 0, 0, 0, 0, 0, 0, 0, 0, 0, 0, 0, 0, 0, 0], "well_nicknames": ["A1", "A2", "A3", "A4", "A5", "A6", "A7", "A8", "A9", "B1", "B2", "B3", "B4", "B5", "B6", "B7", "B8", "B9", "C1", "C2", "C3", "C4", "C5", "C6", "C7", "C8", "C9"], "offset": 0}]}