{"models": [{"model": "CUSTOM.json", "grid": [4, 5], "well_locations": [[301.5, 234.0, 83.15], [317.5, 234.125, 83.15], [333.5, 234.25, 83.15], [349.5, 234.375, 83.15], [365.5, 234.5, 83.15], [301.5, 217.16666666666666, 83.15], [317.5, 217.29166666666666, 83.15], [333.5, 217.41666666666666, 83.15], [349.5, 217.54166666666666, 83.15], [365.5, 217.66666666666666, 83.15], [301.5, 200.33333333333331, 83.15], [317.5, 200.45833333333331, 83.15], [333.5, 200.58333333333331, 83.15], [349.5, 200.70833333333331, 83.15], [365.5, 200.83333333333331, 83.15], [301.5, 183.49999999999997, 83.15], [317.5, 183.62499999999997, 83.15], [333.5, 183.74999999999997, 83.15], [349.5, 183.87499999999997, 83.15], [365.5, 183.99999999999997, 83.15]], "well_depths": [20, 20, 20, 20, 20, 20, 20, 20, 20, 20, 20, 20, 20, 20, 20, 20, 20, 20, 20, 20], "well_nicknames": ["A1", "A2", "A3", "A4", "A5", "B1", "B2", "B3", "B4", "B5", "C1", "C2", "C3", "C4", "C5", "D1", "D2", "D3", "D4", "D5"], "offset": 0}, {"model": "MicroPOTS_3.json", "grid": [3, 9], "well_locations": [[65.08928571428571, 280.33928571428567, 158.66571428571436], [69.58571428571429, 280.33571428571423, 158.65928571428577], [74.08214285714286, 280.3321428571428, 158.65285714285721], [78.57857142857142, 280.32857142857137, 158.64642857142863], [83.07499999999999, 280.32499999999993, 158.64000000000007], [87.57142857142857, 280.32142857142856, 158.6335714285715], [92.06785714285715, 280.3178571428571, 158.62714285714293], [96.56428571428572, 280.3142857142857, 158.62071428571437], [101.06071428571428, 280.31071428571425, 158.61428571428578], [65.08928571428571, 275.8892857142857, 158.69071428571434], [69.58571428571429, 275.88571428571424, 158.68428571428575], [74.08214285714286, 275.8821428571428, 158.6778571428572], [78.57857142857142, 275.8785714285714, 158.6714285714286], [83.07499999999999, 275.875, 158.66500000000005], [87.57142857142857, 275.87142857142857, 158.6585714285715], [92.06785714285715, 275.86785714285713, 158.6521428571429], [96.56428571428572, 275.8642857142857, 158.64571428571435], [101.06071428571428, 275.86071428571427, 158.63928571428576], [65.08928571428571, 271.4392857142857, 158.7157142857143], [69.58571428571429, 271.43571428571425, 158.70928571428573], [74.08214285714286, 271.4321428571428, 158.70285714285717], [78.57857142857142, 271.4285714285714, 158.69642857142858], [83.07499999999999, 271.42499999999995, 158.69000000000003], [87.57142857142857, 271.4214285714286, 158.68357142857147], [92.06785714285715, 271.41785714285714, 158.67714285714288], [96.56428571428572, 271.4142857142857, 158.67071428571433], [101.06071428571428, 271.4107142857143, 158.66428571428574]], "well_depths": [0, 0, 0, 0, 0, 0, 0, 0, 0, 0, 0, 0, 0, 0, 0, 0, 0, 0, 0, 0, 0, 0, 0, 0, 0, 0, 0], "well_nicknames": ["A1", "A2", "A3", "A4", "A5", "A6", "A7", "A8", "A9", "B1", "B2", "B3", "B4", "B5", "B6", "B7", "B8", "B9", "C1", "C2", "C3", "C4", "C5", "C6", "C7", "C8", "C9"], "offset": 0}]}