{"models": [{"model": "CUSTOM.json", "grid": [4, 5], "well_locations": [[304.0, 145.5, 70.15], [320.0, 145.5, 70.15], [336.0, 145.5, 70.15], [352.0, 145.5, 70.15], [368.0, 145.5, 70.15], [304.0, 128.33333333333334, 70.15], [320.0, 128.33333333333334, 70.15], [336.0, 128.33333333333334, 70.15], [352.0, 128.33333333333334, 70.15], [368.0, 128.33333333333334, 70.15], [304.0, 111.16666666666667, 70.15], [320.0, 111.16666666666667, 70.15], [336.0, 111.16666666666667, 70.15], [352.0, 111.16666666666667, 70.15], [368.0, 111.16666666666667, 70.15], [304.0, 94.0, 70.15], [320.0, 94.0, 70.15], [336.0, 94.0, 70.15], [352.0, 94.0, 70.15], [368.0, 94.0, 70.15]], "well_depths": [18, 18, 18, 18, 18, 18, 18, 18, 18, 18, 18, 18, 18, 18, 18, 18, 18, 18, 18, 18], "well_nicknames": ["A1", "A2", "A3", "A4", "A5", "B1", "B2", "B3", "B4", "B5", "C1", "C2", "C3", "C4", "C5", "D1", "D2", "D3", "D4", "D5"], "offset": 0}, {"model": "MicroPOTS_3.json", "grid": [3, 9], "well_locations": [[68.50321428571428, 34.650000000000006, 49.78785714285713], [73.00428571428571, 34.650000000000006, 49.782142857142844], [77.50535714285715, 34.650000000000006, 49.77642857142855], [82.00642857142857, 34.650000000000006, 49.77071428571427], [86.5075, 34.650000000000006, 49.764999999999986], [91.00857142857143, 34.650000000000006, 49.759285714285696], [95.50964285714286, 34.650000000000006, 49.75357142857141], [100.01071428571429, 34.650000000000006, 49.74785714285712], [104.51178571428571, 34.650000000000006, 49.74214285714284], [68.50321428571428, 30.150000000000006, 49.78285714285714], [73.00428571428571, 30.150000000000006, 49.777142857142856], [77.50535714285715, 30.150000000000006, 49.771428571428565], [82.00642857142857, 30.150000000000006, 49.76571428571428], [86.5075, 30.150000000000006, 49.75999999999999], [91.00857142857143, 30.150000000000006, 49.75428571428571], [95.50964285714286, 30.150000000000006, 49.748571428571424], [100.01071428571429, 30.150000000000006, 49.74285714285713], [104.51178571428571, 30.150000000000006, 49.73714285714285], [68.50321428571428, 25.650000000000006, 49.777857142857144], [73.00428571428571, 25.650000000000006, 49.77214285714286], [77.50535714285715, 25.650000000000006, 49.76642857142857], [82.00642857142857, 25.650000000000006, 49.760714285714286], [86.5075, 25.650000000000006, 49.754999999999995], [91.00857142857143, 25.650000000000006, 49.74928571428571], [95.50964285714286, 25.650000000000006, 49.74357142857143], [100.01071428571429, 25.650000000000006, 49.73785714285714], [104.51178571428571, 25.650000000000006, 49.732142857142854]], "well_depths": [0, 0, 0, 0, 0, 0, 0, 0, 0, 0, 0, 0, 0, 0, 0, 0, 0, 0, 0, 0, 0, 0, 0, 0, 0, 0, 0], "well_nicknames": ["A1", "A2", "A3", "A4", "A5", "A6", "A7", "A8", "A9", "B1", "B2", "B3", "B4", "B5", "B6", "B7", "B8", "B9", "C1", "C2", "C3", "C4", "C5", "C6", "C7", "C8", "C9"], "offset": 0}, {"model": "MicroPOTS_3.json", "grid": [3, 9], "well_locations": [[206.74285714285713, 36.74928571428574, 50.405357142857184], [211.25214285714284, 36.76071428571431, 50.422142857142894], [215.76142857142855, 36.77214285714288, 50.438928571428605], [220.27071428571426, 36.78357142857145, 50.45571428571432], [224.77999999999997, 36.79500000000002, 50.47250000000004], [229.28928571428568, 36.8064285714286, 50.48928571428575], [233.7985714285714, 36.817857142857164, 50.50607142857146], [238.30785714285713, 36.82928571428574, 50.52285714285718], [242.81714285714284, 36.840714285714306, 50.539642857142894], [206.81785714285712, 32.24928571428574, 50.42785714285718], [211.32714285714286, 32.26071428571431, 50.444642857142895], [215.83642857142857, 32.27214285714288, 50.46142857142861], [220.34571428571428, 32.28357142857145, 50.47821428571432], [224.855, 32.29500000000002, 50.49500000000003], [229.3642857142857, 32.3064285714286, 50.51178571428575], [233.87357142857144, 32.317857142857164, 50.52857142857147], [238.38285714285712, 32.32928571428574, 50.54535714285718], [242.89214285714286, 32.340714285714306, 50.56214285714289], [206.89285714285717, 27.749285714285737, 50.450357142857186], [211.40214285714288, 27.76071428571431, 50.467142857142896], [215.9114285714286, 27.77214285714288, 50.483928571428606], [220.4207142857143, 27.783571428571452, 50.500714285714324], [224.93, 27.795000000000023, 50.51750000000004], [229.43928571428572, 27.806428571428594, 50.53428571428575], [233.94857142857143, 27.817857142857164, 50.55107142857146], [238.45785714285716, 27.829285714285735, 50.56785714285718], [242.96714285714287, 27.84071428571431, 50.584642857142896]], "well_depths": [0, 0, 0, 0, 0, 0, 0, 0, 0, 0, 0, 0, 0, 0, 0, 0, 0, 0, 0, 0, 0, 0, 0, 0, 0, 0, 0], "well_nicknames": ["A1", "A2", "A3", "A4", "A5", "A6", "A7", "A8", "A9", "B1", "B2", "B3", "B4", "B5", "B6", "B7", "B8", "B9", "C1", "C2", "C3", "C4", "C5", "C6", "C7", "C8", "C9"], "offset": 0}, {"model": "CUSTOM_SMALL.json", "grid": [10, 2], "well_locations": [[391.495, 154.375, 62.13500000000003], [407.495, 154.375, 62.13500000000003], [391.495, 146.70833333333334, 62.13500000000003], [407.495, 146.70833333333334, 62.13500000000003], [391.495, 139.04166666666669, 62.13500000000003], [407.495, 139.04166666666669, 62.13500000000003], [391.495, 131.37500000000003, 62.13500000000003], [407.495, 131.37500000000003, 62.13500000000003], [391.495, 123.70833333333336, 62.13500000000003], [407.495, 123.70833333333336, 62.13500000000003], [391.495, 116.04166666666669, 62.13500000000003], [407.495, 116.04166666666669, 62.13500000000003], [391.495, 108.37500000000001, 62.13500000000003], [407.495, 108.37500000000001, 62.13500000000003], [391.495, 100.70833333333334, 62.13500000000003], [407.495, 100.70833333333334, 62.13500000000003], [391.495, 93.04166666666667, 62.13500000000003], [407.495, 93.04166666666667, 62.13500000000003], [391.495, 85.375, 62.13500000000003], [407.495, 85.375, 62.13500000000003]], "well_depths": [17.0, 17.0, 17.0, 17.0, 17.0, 17.0, 17.0, 17.0, 17.0, 17.0, 17.0, 17.0, 17.0, 17.0, 17.0, 17.0, 17.0, 17.0, 17.0, 17.0], "well_nicknames": ["A1", "A2", "B1", "B2", "C1", "C2", "D1", "D2", "E1", "E2", "F1", "F2", "G1", "G2", "H1", "H2", "I1", "I2", "J1", "J2"], "offset": 0}]}