{"models": [{"model": "CUSTOM.json", "grid": [4, 5], "well_locations": [[303.0, 145.0, 70.65], [318.75, 145.25, 70.65], [334.5, 145.5, 70.65], [350.25, 145.75, 70.65], [366.0, 146.0, 70.65], [303.0, 128.33333333333334, 70.65], [318.75, 128.58333333333334, 70.65], [334.5, 128.83333333333334, 70.65], [350.25, 129.08333333333334, 70.65], [366.0, 129.33333333333334, 70.65], [303.0, 111.66666666666667, 70.65], [318.75, 111.91666666666667, 70.65], [334.5, 112.16666666666667, 70.65], [350.25, 112.41666666666667, 70.65], [366.0, 112.66666666666667, 70.65], [303.0, 95.0, 70.65], [318.75, 95.25, 70.65], [334.5, 95.5, 70.65], [350.25, 95.75, 70.65], [366.0, 96.0, 70.65]], "well_depths": [18, 18, 18, 18, 18, 18, 18, 18, 18, 18, 18, 18, 18, 18, 18, 18, 18, 18, 18, 18], "well_nicknames": ["A1", "A2", "A3", "A4", "A5", "B1", "B2", "B3", "B4", "B5", "C1", "C2", "C3", "C4", "C5", "D1", "D2", "D3", "D4", "D5"], "offset": 0}, {"model": "MicroPOTS_3.json", "grid": [3, 9], "well_locations": [[67.66785714285714, 34.85642857142854, 49.96214285714287], [72.15714285714286, 34.8635714285714, 49.94785714285715], [76.64642857142857, 34.87071428571425, 49.93357142857144], [81.13571428571427, 34.87785714285711, 49.91928571428573], [85.62499999999999, 34.88499999999996, 49.905000000000015], [90.1142857142857, 34.89214285714282, 49.8907142857143], [94.60357142857141, 34.89928571428568, 49.87642857142859], [99.09285714285713, 34.906428571428535, 49.86214285714288], [103.58214285714283, 34.913571428571395, 49.84785714285716], [67.64285714285714, 30.338928571428553, 49.96214285714288], [72.13214285714285, 30.34607142857141, 49.94785714285716], [76.62142857142857, 30.353214285714266, 49.93357142857145], [81.11071428571428, 30.360357142857126, 49.919285714285735], [85.6, 30.367499999999982, 49.90500000000002], [90.0892857142857, 30.374642857142838, 49.89071428571431], [94.57857142857142, 30.381785714285698, 49.8764285714286], [99.06785714285712, 30.388928571428554, 49.862142857142885], [103.55714285714284, 30.39607142857141, 49.847857142857166], [67.61785714285715, 25.82142857142857, 49.96214285714289], [72.10714285714286, 25.828571428571426, 49.94785714285717], [76.59642857142856, 25.835714285714282, 49.933571428571454], [81.08571428571429, 25.84285714285714, 49.91928571428574], [85.57499999999999, 25.849999999999998, 49.90500000000003], [90.0642857142857, 25.857142857142854, 49.89071428571432], [94.55357142857142, 25.864285714285714, 49.876428571428605], [99.04285714285712, 25.87142857142857, 49.86214285714289], [103.53214285714284, 25.878571428571426, 49.84785714285717]], "well_depths": [0, 0, 0, 0, 0, 0, 0, 0, 0, 0, 0, 0, 0, 0, 0, 0, 0, 0, 0, 0, 0, 0, 0, 0, 0, 0, 0], "well_nicknames": ["A1", "A2", "A3", "A4", "A5", "A6", "A7", "A8", "A9", "B1", "B2", "B3", "B4", "B5", "B6", "B7", "B8", "B9", "C1", "C2", "C3", "C4", "C5", "C6", "C7", "C8", "C9"], "offset": 0}, {"model": "MicroPOTS_3.json", "grid": [3, 9], "well_locations": [[205.8142857142857, 36.97500000000002, 50.59785714285718], [210.3357142857143, 37.00000000000002, 50.61214285714289], [214.85714285714286, 37.02500000000002, 50.626428571428605], [219.37857142857143, 37.050000000000026, 50.640714285714324], [223.9, 37.075000000000024, 50.65500000000004], [228.42142857142858, 37.10000000000002, 50.66928571428575], [232.94285714285718, 37.12500000000003, 50.68357142857147], [237.46428571428572, 37.15000000000003, 50.69785714285718], [241.98571428571432, 37.175000000000026, 50.712142857142894], [205.8142857142857, 32.425000000000026, 50.59785714285718], [210.3357142857143, 32.450000000000024, 50.61214285714289], [214.85714285714286, 32.47500000000002, 50.626428571428605], [219.37857142857143, 32.50000000000003, 50.640714285714324], [223.9, 32.52500000000003, 50.65500000000004], [228.42142857142858, 32.550000000000026, 50.66928571428575], [232.94285714285718, 32.57500000000003, 50.68357142857147], [237.46428571428572, 32.60000000000003, 50.69785714285718], [241.98571428571432, 32.62500000000003, 50.712142857142894], [205.8142857142857, 27.875000000000025, 50.59785714285718], [210.3357142857143, 27.900000000000023, 50.61214285714289], [214.85714285714286, 27.925000000000026, 50.626428571428605], [219.37857142857143, 27.950000000000024, 50.640714285714324], [223.9, 27.975000000000026, 50.65500000000004], [228.42142857142858, 28.00000000000003, 50.66928571428575], [232.94285714285718, 28.025000000000027, 50.68357142857147], [237.46428571428572, 28.05000000000003, 50.69785714285718], [241.98571428571432, 28.075000000000028, 50.712142857142894]], "well_depths": [0, 0, 0, 0, 0, 0, 0, 0, 0, 0, 0, 0, 0, 0, 0, 0, 0, 0, 0, 0, 0, 0, 0, 0, 0, 0, 0], "well_nicknames": ["A1", "A2", "A3", "A4", "A5", "A6", "A7", "A8", "A9", "B1", "B2", "B3", "B4", "B5", "B6", "B7", "B8", "B9", "C1", "C2", "C3", "C4", "C5", "C6", "C7", "C8", "C9"], "offset": 0}, {"model": "CUSTOM_SMALL.json", "grid": [10, 2], "well_locations": [[390.55000000000007, 155.15000000000003, 61.75500000000005], [406.05000000000007, 155.15000000000003, 61.75500000000005], [390.55000000000007, 147.4277777777778, 61.92166666666672], [406.05000000000007, 147.4277777777778, 61.92166666666672], [390.55000000000007, 139.70555555555558, 62.08833333333338], [406.05000000000007, 139.70555555555558, 62.08833333333338], [390.55000000000007, 131.98333333333335, 62.255000000000045], [406.05000000000007, 131.98333333333335, 62.255000000000045], [390.55000000000007, 124.26111111111112, 62.42166666666671], [406.05000000000007, 124.26111111111112, 62.42166666666671], [390.55000000000007, 116.53888888888889, 62.588333333333374], [406.05000000000007, 116.53888888888889, 62.588333333333374], [390.55000000000007, 108.81666666666666, 62.75500000000004], [406.05000000000007, 108.81666666666666, 62.75500000000004], [390.55000000000007, 101.09444444444443, 62.9216666666667], [406.05000000000007, 101.09444444444443, 62.9216666666667], [390.55000000000007, 93.3722222222222, 63.08833333333337], [406.05000000000007, 93.3722222222222, 63.08833333333337], [390.55000000000007, 85.64999999999998, 63.25500000000003], [406.05000000000007, 85.64999999999998, 63.25500000000003]], "well_depths": [17.0, 17.0, 17.0, 17.0, 17.0, 17.0, 17.0, 17.0, 17.0, 17.0, 17.0, 17.0, 17.0, 17.0, 17.0, 17.0, 17.0, 17.0, 17.0, 17.0], "well_nicknames": ["A1", "A2", "B1", "B2", "C1", "C2", "D1", "D2", "E1", "E2", "F1", "F2", "G1", "G2", "H1", "H2", "I1", "I2", "J1", "J2"], "offset": 0}]}