{"models": [{"model": "CUSTOM.json", "grid": [4, 5], "well_locations": [[302.35, 146.613, 68.15], [318.225, 146.613, 68.15], [334.1, 146.613, 68.15], [349.975, 146.613, 68.15], [365.85, 146.613, 68.15], [302.35, 129.27966666666666, 68.15], [318.225, 129.27966666666666, 68.15], [334.1, 129.27966666666666, 68.15], [349.975, 129.27966666666666, 68.15], [365.85, 129.27966666666666, 68.15], [302.35, 111.94633333333333, 68.15], [318.225, 111.94633333333333, 68.15], [334.1, 111.94633333333333, 68.15], [349.975, 111.94633333333333, 68.15], [365.85, 111.94633333333333, 68.15], [302.35, 94.613, 68.15], [318.225, 94.613, 68.15], [334.1, 94.613, 68.15], [349.975, 94.613, 68.15], [365.85, 94.613, 68.15]], "well_depths": [18, 18, 18, 18, 18, 18, 18, 18, 18, 18, 18, 18, 18, 18, 18, 18, 18, 18, 18, 18], "well_nicknames": ["A1", "A2", "A3", "A4", "A5", "B1", "B2", "B3", "B4", "B5", "C1", "C2", "C3", "C4", "C5", "D1", "D2", "D3", "D4", "D5"], "offset": 0}, {"model": "MicroPOTS_3.json", "grid": [3, 9], "well_locations": [[200.2285714285715, 34.75228571428572, 47.88464285714288], [204.72142857142865, 34.74871428571429, 47.87785714285717], [209.2142857142858, 34.745142857142866, 47.871071428571454], [213.70714285714294, 34.74157142857143, 47.864285714285735], [218.2000000000001, 34.73800000000001, 47.85750000000002], [222.69285714285724, 34.73442857142858, 47.85071428571431], [227.1857142857144, 34.73085714285715, 47.84392857142859], [231.67857142857156, 34.72728571428572, 47.83714285714288], [236.1714285714287, 34.723714285714294, 47.83035714285717], [200.2285714285715, 30.30228571428573, 47.90964285714288], [204.72142857142865, 30.298714285714304, 47.902857142857165], [209.2142857142858, 30.295142857142874, 47.89607142857145], [213.70714285714294, 30.291571428571448, 47.889285714285734], [218.2000000000001, 30.288000000000018, 47.88250000000002], [222.69285714285724, 30.284428571428588, 47.87571428571431], [227.1857142857144, 30.280857142857162, 47.86892857142859], [231.67857142857156, 30.277285714285732, 47.86214285714288], [236.1714285714287, 30.273714285714306, 47.855357142857166], [200.2285714285715, 25.852285714285742, 47.934642857142876], [204.72142857142865, 25.848714285714316, 47.927857142857164], [209.2142857142858, 25.845142857142886, 47.92107142857145], [213.70714285714294, 25.84157142857146, 47.91428571428573], [218.2000000000001, 25.83800000000003, 47.90750000000002], [222.69285714285724, 25.8344285714286, 47.90071428571431], [227.1857142857144, 25.830857142857173, 47.89392857142859], [231.67857142857156, 25.827285714285743, 47.88714285714288], [236.1714285714287, 25.823714285714317, 47.880357142857164]], "well_depths": [0, 0, 0, 0, 0, 0, 0, 0, 0, 0, 0, 0, 0, 0, 0, 0, 0, 0, 0, 0, 0, 0, 0, 0, 0, 0, 0], "well_nicknames": ["A1", "A2", "A3", "A4", "A5", "A6", "A7", "A8", "A9", "B1", "B2", "B3", "B4", "B5", "B6", "B7", "B8", "B9", "C1", "C2", "C3", "C4", "C5", "C6", "C7", "C8", "C9"], "offset": 0}, {"model": "MicroPOTS_3.json", "grid": [3, 9], "well_locations": [[202.11071428571438, 127.42728571428572, 48.79785714285717], [206.6142857142858, 127.39871428571428, 48.81214285714288], [211.11785714285725, 127.37014285714285, 48.82642857142859], [215.62142857142868, 127.34157142857143, 48.84071428571431], [220.1250000000001, 127.313, 48.855000000000025], [224.62857142857155, 127.28442857142858, 48.86928571428574], [229.13214285714298, 127.25585714285715, 48.88357142857146], [233.6357142857144, 127.22728571428573, 48.89785714285717], [238.13928571428582, 127.19871428571429, 48.91214285714288], [202.11071428571438, 122.90228571428572, 48.82535714285717], [206.6142857142858, 122.87371428571429, 48.839642857142884], [211.11785714285725, 122.84514285714286, 48.8539285714286], [215.62142857142868, 122.81657142857144, 48.868214285714316], [220.1250000000001, 122.78800000000001, 48.88250000000003], [224.62857142857155, 122.75942857142859, 48.89678571428574], [229.13214285714298, 122.73085714285716, 48.91107142857146], [233.6357142857144, 122.70228571428574, 48.92535714285717], [238.13928571428582, 122.6737142857143, 48.939642857142886], [202.11071428571438, 118.37728571428575, 48.852857142857175], [206.6142857142858, 118.34871428571431, 48.86714285714289], [211.11785714285725, 118.32014285714288, 48.8814285714286], [215.62142857142868, 118.29157142857146, 48.89571428571432], [220.1250000000001, 118.26300000000003, 48.91000000000003], [224.62857142857155, 118.23442857142861, 48.924285714285745], [229.13214285714298, 118.20585714285718, 48.938571428571464], [233.6357142857144, 118.17728571428576, 48.95285714285718], [238.13928571428582, 118.14871428571432, 48.96714285714289]], "well_depths": [0, 0, 0, 0, 0, 0, 0, 0, 0, 0, 0, 0, 0, 0, 0, 0, 0, 0, 0, 0, 0, 0, 0, 0, 0, 0, 0], "well_nicknames": ["A1", "A2", "A3", "A4", "A5", "A6", "A7", "A8", "A9", "B1", "B2", "B3", "B4", "B5", "B6", "B7", "B8", "B9", "C1", "C2", "C3", "C4", "C5", "C6", "C7", "C8", "C9"], "offset": 0}, {"model": "CUSTOM_SMALL.json", "grid": [10, 2], "well_locations": [[390.1500000000001, 155.06300000000005, 60.51000000000002], [406.1500000000001, 155.06300000000005, 60.51000000000002], [390.1500000000001, 147.28522222222227, 60.45444444444446], [406.1500000000001, 147.28522222222227, 60.45444444444446], [390.1500000000001, 139.5074444444445, 60.398888888888905], [406.1500000000001, 139.5074444444445, 60.398888888888905], [390.1500000000001, 131.72966666666673, 60.34333333333335], [406.1500000000001, 131.72966666666673, 60.34333333333335], [390.1500000000001, 123.95188888888896, 60.28777777777779], [406.1500000000001, 123.95188888888896, 60.28777777777779], [390.1500000000001, 116.17411111111119, 60.232222222222234], [406.1500000000001, 116.17411111111119, 60.232222222222234], [390.1500000000001, 108.39633333333342, 60.17666666666668], [406.1500000000001, 108.39633333333342, 60.17666666666668], [390.1500000000001, 100.61855555555564, 60.12111111111112], [406.1500000000001, 100.61855555555564, 60.12111111111112], [390.1500000000001, 92.84077777777787, 60.06555555555556], [406.1500000000001, 92.84077777777787, 60.06555555555556], [390.1500000000001, 85.0630000000001, 60.010000000000005], [406.1500000000001, 85.0630000000001, 60.010000000000005]], "well_depths": [17.0, 17.0, 17.0, 17.0, 17.0, 17.0, 17.0, 17.0, 17.0, 17.0, 17.0, 17.0, 17.0, 17.0, 17.0, 17.0, 17.0, 17.0, 17.0, 17.0], "well_nicknames": ["A1", "A2", "B1", "B2", "C1", "C2", "D1", "D2", "E1", "E2", "F1", "F2", "G1", "G2", "H1", "H2", "I1", "I2", "J1", "J2"], "offset": 0}]}