{"chips": [{"model": "MicroPOTS_3", "grid": [3, 9], "well_locations": [[70.49957485001643, 302.59286051706334, 132.1], [74.99943313335524, 302.55714735608444, 132.1], [79.49929141669405, 302.5214341951056, 132.1], [83.99914970003286, 302.4857210341267, 132.1], [88.49900798337167, 302.45000787314785, 132.1], [92.99886626671048, 302.41429471216895, 132.1], [97.49872455004927, 302.37858155119005, 132.1], [101.9985828333881, 302.3428683902112, 132.1], [106.4984411167269, 302.3071552292323, 132.1], [70.49957485001643, 298.09286051706334, 132.1], [74.99943313335524, 298.05714735608444, 132.1], [79.49929141669405, 298.0214341951056, 132.1], [83.99914970003286, 297.9857210341267, 132.1], [88.49900798337167, 297.95000787314785, 132.1], [92.99886626671048, 297.91429471216895, 132.1], [97.49872455004927, 297.87858155119005, 132.1], [101.9985828333881, 297.8428683902112, 132.1], [106.4984411167269, 297.8071552292323, 132.1], [70.49957485001643, 293.59286051706334, 132.1], [74.99943313335524, 293.55714735608444, 132.1], [79.49929141669405, 293.5214341951056, 132.1], [83.99914970003286, 293.4857210341267, 132.1], [88.49900798337167, 293.45000787314785, 132.1], [92.99886626671048, 293.41429471216895, 132.1], [97.49872455004927, 293.37858155119005, 132.1], [101.9985828333881, 293.3428683902112, 132.1], [106.4984411167269, 293.3071552292323, 132.1]], "well_types": ["B", "B", "B", "B", "B", "B", "B", "B", "B", "B", "B", "B", "B", "B", "B", "B", "B", "B", "B", "B", "B", "B", "B", "B", "B", "B", "B"], "well_nicknames": ["A1", "A2", "A3", "A4", "A5", "A6", "A7", "A8", "A9", "B1", "B2", "B3", "B4", "B5", "B6", "B7", "B8", "B9", "C1", "C2", "C3", "C4", "C5", "C6", "C7", "C8", "C9"]}], "plates": [{"model": "CUSTOM", "grid": [4, 5], "pot_locations": [[305.5, 151.0, 50.0], [321.47, 151.0, 50.0], [337.44, 151.0, 50.0], [353.41, 151.0, 50.0], [369.38, 151.0, 50.0], [305.81945821812906, 133.9089853300961, 50.0], [321.789458218129, 133.9089853300961, 50.0], [337.75945821812905, 133.9089853300961, 50.0], [353.729458218129, 133.9089853300961, 50.0], [369.69945821812905, 133.9089853300961, 50.0], [306.1389164362581, 116.81797066019223, 50.0], [322.1089164362581, 116.81797066019223, 50.0], [338.0789164362581, 116.81797066019223, 50.0], [354.0489164362581, 116.81797066019223, 50.0], [370.0189164362581, 116.81797066019223, 50.0], [306.4583746543871, 99.72695599028833, 50.0], [322.42837465438714, 99.72695599028833, 50.0], [338.3983746543871, 99.72695599028833, 50.0], [354.36837465438714, 99.72695599028833, 50.0], [370.33837465438717, 99.72695599028833, 50.0]], "pot_depths": [20, 20, 20, 20, 20, 20, 20, 20, 20, 20, 20, 20, 20, 20, 20, 20, 20, 20, 20, 20], "pot_nicknames": ["A1", "A2", "A3", "A4", "A5", "B1", "B2", "B3", "B4", "B5", "C1", "C2", "C3", "C4", "C5", "D1", "D2", "D3", "D4", "D5"]}]}