{"chips": [{"model": "MicroPOTS_3", "grid": [3, 9], "well_locations": [[189.60000000000005, 120.0, 42.45], [194.10000000000005, 120.0, 42.45], [198.60000000000005, 120.0, 42.45], [203.10000000000005, 120.0, 42.45], [207.60000000000005, 120.0, 42.45], [212.10000000000005, 120.0, 42.45], [216.60000000000005, 120.0, 42.45], [221.10000000000005, 120.0, 42.45], [225.60000000000005, 120.0, 42.45], [189.60000000000005, 115.5, 42.45], [194.10000000000005, 115.5, 42.45], [198.60000000000005, 115.5, 42.45], [203.10000000000005, 115.5, 42.45], [207.60000000000005, 115.5, 42.45], [212.10000000000005, 115.5, 42.45], [216.60000000000005, 115.5, 42.45], [221.10000000000005, 115.5, 42.45], [225.60000000000005, 115.5, 42.45], [189.60000000000005, 111.0, 42.45], [194.10000000000005, 111.0, 42.45], [198.60000000000005, 111.0, 42.45], [203.10000000000005, 111.0, 42.45], [207.60000000000005, 111.0, 42.45], [212.10000000000005, 111.0, 42.45], [216.60000000000005, 111.0, 42.45], [221.10000000000005, 111.0, 42.45], [225.60000000000005, 111.0, 42.45]], "well_types": ["B", "B", "B", "B", "B", "B", "B", "B", "B", "B", "B", "B", "B", "B", "B", "B", "B", "B", "B", "B", "B", "B", "B", "B", "B", "B", "B"], "well_nicknames": ["A1", "A2", "A3", "A4", "A5", "A6", "A7", "A8", "A9", "B1", "B2", "B3", "B4", "B5", "B6", "B7", "B8", "B9", "C1", "C2", "C3", "C4", "C5", "C6", "C7", "C8", "C9"]}], "plates": [{"model": "CUSTOM", "grid": [4, 5], "pot_locations": [[298.1, 145.5, 63.45], [314.07000000000005, 145.5, 63.45], [330.04, 145.5, 63.45], [346.01000000000005, 145.5, 63.45], [361.98, 145.5, 63.45], [298.1, 128.406, 63.45], [314.07000000000005, 128.406, 63.45], [330.04, 128.406, 63.45], [346.01000000000005, 128.406, 63.45], [361.98, 128.406, 63.45], [298.1, 111.312, 63.45], [314.07000000000005, 111.312, 63.45], [330.04, 111.312, 63.45], [346.01000000000005, 111.312, 63.45], [361.98, 111.312, 63.45], [298.1, 94.21799999999999, 63.45], [314.07000000000005, 94.21799999999999, 63.45], [330.04, 94.21799999999999, 63.45], [346.01000000000005, 94.21799999999999, 63.45], [361.98, 94.21799999999999, 63.45]], "pot_depths": [20, 20, 20, 20, 20, 20, 20, 20, 20, 20, 20, 20, 20, 20, 20, 20, 20, 20, 20, 20], "pot_nicknames": ["A1", "A2", "A3", "A4", "A5", "B1", "B2", "B3", "B4", "B5", "C1", "C2", "C3", "C4", "C5", "D1", "D2", "D3", "D4", "D5"]}]}