{"chips": [{"model": "MicroPOTS_3", "grid": [3, 9], "well_locations": [[70.9, 321.0, 134.64999999999992], [75.4, 321.0, 134.64999999999992], [79.9, 321.0, 134.64999999999992], [84.4, 321.0, 134.64999999999992], [88.9, 321.0, 134.64999999999992], [93.4, 321.0, 134.64999999999992], [97.9, 321.0, 134.64999999999992], [102.4, 321.0, 134.64999999999992], [106.9, 321.0, 134.64999999999992], [70.9, 316.5, 134.64999999999992], [75.4, 316.5, 134.64999999999992], [79.9, 316.5, 134.64999999999992], [84.4, 316.5, 134.64999999999992], [88.9, 316.5, 134.64999999999992], [93.4, 316.5, 134.64999999999992], [97.9, 316.5, 134.64999999999992], [102.4, 316.5, 134.64999999999992], [106.9, 316.5, 134.64999999999992], [70.9, 312.0, 134.64999999999992], [75.4, 312.0, 134.64999999999992], [79.9, 312.0, 134.64999999999992], [84.4, 312.0, 134.64999999999992], [88.9, 312.0, 134.64999999999992], [93.4, 312.0, 134.64999999999992], [97.9, 312.0, 134.64999999999992], [102.4, 312.0, 134.64999999999992], [106.9, 312.0, 134.64999999999992]], "well_types": ["B", "B", "B", "B", "B", "B", "B", "B", "B", "B", "B", "B", "B", "B", "B", "B", "B", "B", "B", "B", "B", "B", "B", "B", "B", "B", "B"], "well_nicknames": ["A1", "A2", "A3", "A4", "A5", "A6", "A7", "A8", "A9", "B1", "B2", "B3", "B4", "B5", "B6", "B7", "B8", "B9", "C1", "C2", "C3", "C4", "C5", "C6", "C7", "C8", "C9"]}, {"model": "MicroPOTS_3", "grid": [3, 9], "well_locations": [[71.29998299322942, 283.4785714555663, 134.64999999999992], [75.7999773243059, 283.47142860742173, 134.64999999999992], [80.29997165538236, 283.4642857592772, 134.64999999999992], [84.79996598645884, 283.4571429111326, 134.64999999999992], [89.29996031753531, 283.450000062988, 134.64999999999992], [93.79995464861179, 283.44285721484346, 134.64999999999992], [98.29994897968825, 283.4357143666989, 134.64999999999992], [102.79994331076472, 283.42857151855435, 134.64999999999992], [107.2999376418412, 283.42142867040974, 134.64999999999992], [71.29998299322942, 278.9785714555663, 134.64999999999992], [75.7999773243059, 278.97142860742173, 134.64999999999992], [80.29997165538236, 278.9642857592772, 134.64999999999992], [84.79996598645884, 278.9571429111326, 134.64999999999992], [89.29996031753531, 278.950000062988, 134.64999999999992], [93.79995464861179, 278.94285721484346, 134.64999999999992], [98.29994897968825, 278.9357143666989, 134.64999999999992], [102.79994331076472, 278.92857151855435, 134.64999999999992], [107.2999376418412, 278.92142867040974, 134.64999999999992], [71.29998299322942, 274.4785714555663, 134.64999999999992], [75.7999773243059, 274.47142860742173, 134.64999999999992], [80.29997165538236, 274.4642857592772, 134.64999999999992], [84.79996598645884, 274.4571429111326, 134.64999999999992], [89.29996031753531, 274.450000062988, 134.64999999999992], [93.79995464861179, 274.44285721484346, 134.64999999999992], [98.29994897968825, 274.4357143666989, 134.64999999999992], [102.79994331076472, 274.42857151855435, 134.64999999999992], [107.2999376418412, 274.42142867040974, 134.64999999999992]], "well_types": ["B", "B", "B", "B", "B", "B", "B", "B", "B", "B", "B", "B", "B", "B", "B", "B", "B", "B", "B", "B", "B", "B", "B", "B", "B", "B", "B"], "well_nicknames": ["A1", "A2", "A3", "A4", "A5", "A6", "A7", "A8", "A9", "B1", "B2", "B3", "B4", "B5", "B6", "B7", "B8", "B9", "C1", "C2", "C3", "C4", "C5", "C6", "C7", "C8", "C9"]}], "plates": [{"model": "CUSTOM", "grid": [4, 5], "pot_locations": [[306.5, 149.5, 58.5], [322.47, 149.5, 58.5], [338.44, 149.5, 58.5], [354.41, 149.5, 58.5], [370.38, 149.5, 58.5], [306.5, 132.406, 58.5], [322.47, 132.406, 58.5], [338.44, 132.406, 58.5], [354.41, 132.406, 58.5], [370.38, 132.406, 58.5], [306.5, 115.312, 58.5], [322.47, 115.312, 58.5], [338.44, 115.312, 58.5], [354.41, 115.312, 58.5], [370.38, 115.312, 58.5], [306.5, 98.21799999999999, 58.5], [322.47, 98.21799999999999, 58.5], [338.44, 98.21799999999999, 58.5], [354.41, 98.21799999999999, 58.5], [370.38, 98.21799999999999, 58.5]], "pot_depths": [20, 20, 20, 20, 20, 20, 20, 20, 20, 20, 20, 20, 20, 20, 20, 20, 20, 20, 20, 20], "pot_nicknames": ["A1", "A2", "A3", "A4", "A5", "B1", "B2", "B3", "B4", "B5", "C1", "C2", "C3", "C4", "C5", "D1", "D2", "D3", "D4", "D5"]}]}