{"chips": [{"model": "MicroPOTS_3", "grid": [3, 9], "well_locations": [[70.59984694137854, 321.9357150145649, 136.20000000000005], [75.09979592183805, 321.9142866860865, 136.20000000000005], [79.59974490229757, 321.89285835760813, 136.20000000000005], [84.0996938827571, 321.8714300291297, 136.20000000000005], [88.5996428632166, 321.8500017006514, 136.20000000000005], [93.09959184367611, 321.82857337217297, 136.20000000000005], [97.59954082413563, 321.8071450436946, 136.20000000000005], [102.09948980459515, 321.78571671521627, 136.20000000000005], [106.59943878505466, 321.76428838673786, 136.20000000000005], [70.59984694137854, 317.4357150145649, 136.20000000000005], [75.09979592183805, 317.4142866860865, 136.20000000000005], [79.59974490229757, 317.39285835760813, 136.20000000000005], [84.0996938827571, 317.3714300291297, 136.20000000000005], [88.5996428632166, 317.3500017006514, 136.20000000000005], [93.09959184367611, 317.32857337217297, 136.20000000000005], [97.59954082413563, 317.3071450436946, 136.20000000000005], [102.09948980459515, 317.28571671521627, 136.20000000000005], [106.59943878505466, 317.26428838673786, 136.20000000000005], [70.59984694137854, 312.9357150145649, 136.20000000000005], [75.09979592183805, 312.9142866860865, 136.20000000000005], [79.59974490229757, 312.89285835760813, 136.20000000000005], [84.0996938827571, 312.8714300291297, 136.20000000000005], [88.5996428632166, 312.8500017006514, 136.20000000000005], [93.09959184367611, 312.82857337217297, 136.20000000000005], [97.59954082413563, 312.8071450436946, 136.20000000000005], [102.09948980459515, 312.78571671521627, 136.20000000000005], [106.59943878505466, 312.76428838673786, 136.20000000000005]], "well_types": ["B", "B", "B", "B", "B", "B", "B", "B", "B", "B", "B", "B", "B", "B", "B", "B", "B", "B", "B", "B", "B", "B", "B", "B", "B", "B", "B"], "well_nicknames": ["A1", "A2", "A3", "A4", "A5", "A6", "A7", "A8", "A9", "B1", "B2", "B3", "B4", "B5", "B6", "B7", "B8", "B9", "C1", "C2", "C3", "C4", "C5", "C6", "C7", "C8", "C9"]}, {"model": "MicroPOTS_3", "grid": [3, 9], "well_locations": [[71.39999999999999, 283.9000000000001, 136.30000000000004], [75.89999999999999, 283.9000000000001, 136.30000000000004], [80.39999999999999, 283.9000000000001, 136.30000000000004], [84.89999999999999, 283.9000000000001, 136.30000000000004], [89.39999999999999, 283.9000000000001, 136.30000000000004], [93.89999999999999, 283.9000000000001, 136.30000000000004], [98.39999999999999, 283.9000000000001, 136.30000000000004], [102.89999999999999, 283.9000000000001, 136.30000000000004], [107.39999999999999, 283.9000000000001, 136.30000000000004], [71.39999999999999, 279.4000000000001, 136.30000000000004], [75.89999999999999, 279.4000000000001, 136.30000000000004], [80.39999999999999, 279.4000000000001, 136.30000000000004], [84.89999999999999, 279.4000000000001, 136.30000000000004], [89.39999999999999, 279.4000000000001, 136.30000000000004], [93.89999999999999, 279.4000000000001, 136.30000000000004], [98.39999999999999, 279.4000000000001, 136.30000000000004], [102.89999999999999, 279.4000000000001, 136.30000000000004], [107.39999999999999, 279.4000000000001, 136.30000000000004], [71.39999999999999, 274.9000000000001, 136.30000000000004], [75.89999999999999, 274.9000000000001, 136.30000000000004], [80.39999999999999, 274.9000000000001, 136.30000000000004], [84.89999999999999, 274.9000000000001, 136.30000000000004], [89.39999999999999, 274.9000000000001, 136.30000000000004], [93.89999999999999, 274.9000000000001, 136.30000000000004], [98.39999999999999, 274.9000000000001, 136.30000000000004], [102.89999999999999, 274.9000000000001, 136.30000000000004], [107.39999999999999, 274.9000000000001, 136.30000000000004]], "well_types": ["B", "B", "B", "B", "B", "B", "B", "B", "B", "B", "B", "B", "B", "B", "B", "B", "B", "B", "B", "B", "B", "B", "B", "B", "B", "B", "B"], "well_nicknames": ["A1", "A2", "A3", "A4", "A5", "A6", "A7", "A8", "A9", "B1", "B2", "B3", "B4", "B5", "B6", "B7", "B8", "B9", "C1", "C2", "C3", "C4", "C5", "C6", "C7", "C8", "C9"]}], "plates": [{"model": "CUSTOM", "grid": [4, 5], "pot_locations": [[306.5, 150.5, 59.49999999999999], [322.47, 150.5, 59.49999999999999], [338.44, 150.5, 59.49999999999999], [354.41, 150.5, 59.49999999999999], [370.38, 150.5, 59.49999999999999], [306.5, 133.406, 59.49999999999999], [322.47, 133.406, 59.49999999999999], [338.44, 133.406, 59.49999999999999], [354.41, 133.406, 59.49999999999999], [370.38, 133.406, 59.49999999999999], [306.5, 116.312, 59.49999999999999], [322.47, 116.312, 59.49999999999999], [338.44, 116.312, 59.49999999999999], [354.41, 116.312, 59.49999999999999], [370.38, 116.312, 59.49999999999999], [306.5, 99.21799999999999, 59.49999999999999], [322.47, 99.21799999999999, 59.49999999999999], [338.44, 99.21799999999999, 59.49999999999999], [354.41, 99.21799999999999, 59.49999999999999], [370.38, 99.21799999999999, 59.49999999999999]], "pot_depths": [20, 20, 20, 20, 20, 20, 20, 20, 20, 20, 20, 20, 20, 20, 20, 20, 20, 20, 20, 20], "pot_nicknames": ["A1", "A2", "A3", "A4", "A5", "B1", "B2", "B3", "B4", "B5", "C1", "C2", "C3", "C4", "C5", "D1", "D2", "D3", "D4", "D5"]}]}