{"chips": [], "plates": [{"model": "CUSTOM", "grid": [4, 5], "pot_locations": [[299.5, 148.0, 66.65], [315.47, 148.0, 66.65], [331.44, 148.0, 66.65], [347.41, 148.0, 66.65], [363.38, 148.0, 66.65], [299.5, 130.906, 66.65], [315.47, 130.906, 66.65], [331.44, 130.906, 66.65], [347.41, 130.906, 66.65], [363.38, 130.906, 66.65], [299.5, 113.812, 66.65], [315.47, 113.812, 66.65], [331.44, 113.812, 66.65], [347.41, 113.812, 66.65], [363.38, 113.812, 66.65], [299.5, 96.71799999999999, 66.65], [315.47, 96.71799999999999, 66.65], [331.44, 96.71799999999999, 66.65], [347.41, 96.71799999999999, 66.65], [363.38, 96.71799999999999, 66.65]], "pot_depths": [20, 20, 20, 20, 20, 20, 20, 20, 20, 20, 20, 20, 20, 20, 20, 20, 20, 20, 20, 20], "pot_nicknames": ["A1", "A2", "A3", "A4", "A5", "B1", "B2", "B3", "B4", "B5", "C1", "C2", "C3", "C4", "C5", "D1", "D2", "D3", "D4", "D5"]}, {"model": "CUSTOM_SMALL", "grid": [2, 10], "pot_locations": [[386.0, 157.0, 63.0], [386.0, 149.23, 63.0], [386.0, 141.46, 63.0], [386.0, 133.69, 63.0], [386.0, 125.92, 63.0], [386.0, 118.15, 63.0], [386.0, 110.38, 63.0], [386.0, 102.61, 63.0], [386.0, 94.84, 63.0], [386.0, 87.07000000000001, 63.0], [401.97, 157.0, 63.0], [401.97, 149.23, 63.0], [401.97, 141.46, 63.0], [401.97, 133.69, 63.0], [401.97, 125.92, 63.0], [401.97, 118.15, 63.0], [401.97, 110.38, 63.0], [401.97, 102.61, 63.0], [401.97, 94.84, 63.0], [401.97, 87.07000000000001, 63.0]], "pot_depths": [18.0, 18.0, 18.0, 18.0, 18.0, 18.0, 18.0, 18.0, 18.0, 18.0, 18.0, 18.0, 18.0, 18.0, 18.0, 18.0, 18.0, 18.0, 18.0, 18.0], "pot_nicknames": ["A1", "B1", "C1", "D1", "E1", "F1", "G1", "H1", "I1", "J1", "A2", "B2", "C2", "D2", "E2", "F2", "G2", "H2", "I2", "J2"]}, {"model": "CORNING_384", "grid": [16, 24], "pot_locations": [[162.5, 154.5, 42.0], [167.0, 154.5, 42.0], [171.5, 154.5, 42.0], [176.0, 154.5, 42.0], [180.5, 154.5, 42.0], [185.0, 154.5, 42.0], [189.5, 154.5, 42.0], [194.0, 154.5, 42.0], [198.5, 154.5, 42.0], [203.0, 154.5, 42.0], [207.5, 154.5, 42.0], [212.0, 154.5, 42.0], [216.5, 154.5, 42.0], [221.0, 154.5, 42.0], [225.5, 154.5, 42.0], [230.0, 154.5, 42.0], [234.5, 154.5, 42.0], [239.0, 154.5, 42.0], [243.5, 154.5, 42.0], [248.0, 154.5, 42.0], [252.5, 154.5, 42.0], [257.0, 154.5, 42.0], [261.5, 154.5, 42.0], [266.0, 154.5, 42.0], [162.5, 150.0, 42.0], [167.0, 150.0, 42.0], [171.5, 150.0, 42.0], [176.0, 150.0, 42.0], [180.5, 150.0, 42.0], [185.0, 150.0, 42.0], [189.5, 150.0, 42.0], [194.0, 150.0, 42.0], [198.5, 150.0, 42.0], [203.0, 150.0, 42.0], [207.5, 150.0, 42.0], [212.0, 150.0, 42.0], [216.5, 150.0, 42.0], [221.0, 150.0, 42.0], [225.5, 150.0, 42.0], [230.0, 150.0, 42.0], [234.5, 150.0, 42.0], [239.0, 150.0, 42.0], [243.5, 150.0, 42.0], [248.0, 150.0, 42.0], [252.5, 150.0, 42.0], [257.0, 150.0, 42.0], [261.5, 150.0, 42.0], [266.0, 150.0, 42.0], [162.5, 145.5, 42.0], [167.0, 145.5, 42.0], [171.5, 145.5, 42.0], [176.0, 145.5, 42.0], [180.5, 145.5, 42.0], [185.0, 145.5, 42.0], [189.5, 145.5, 42.0], [194.0, 145.5, 42.0], [198.5, 145.5, 42.0], [203.0, 145.5, 42.0], [207.5, 145.5, 42.0], [212.0, 145.5, 42.0], [216.5, 145.5, 42.0], [221.0, 145.5, 42.0], [225.5, 145.5, 42.0], [230.0, 145.5, 42.0], [234.5, 145.5, 42.0], [239.0, 145.5, 42.0], [243.5, 145.5, 42.0], [248.0, 145.5, 42.0], [252.5, 145.5, 42.0], [257.0, 145.5, 42.0], [261.5, 145.5, 42.0], [266.0, 145.5, 42.0], [162.5, 141.0, 42.0], [167.0, 141.0, 42.0], [171.5, 141.0, 42.0], [176.0, 141.0, 42.0], [180.5, 141.0, 42.0], [185.0, 141.0, 42.0], [189.5, 141.0, 42.0], [194.0, 141.0, 42.0], [198.5, 141.0, 42.0], [203.0, 141.0, 42.0], [207.5, 141.0, 42.0], [212.0, 141.0, 42.0], [216.5, 141.0, 42.0], [221.0, 141.0, 42.0], [225.5, 141.0, 42.0], [230.0, 141.0, 42.0], [234.5, 141.0, 42.0], [239.0, 141.0, 42.0], [243.5, 141.0, 42.0], [248.0, 141.0, 42.0], [252.5, 141.0, 42.0], [257.0, 141.0, 42.0], [261.5, 141.0, 42.0], [266.0, 141.0, 42.0], [162.5, 136.5, 42.0], [167.0, 136.5, 42.0], [171.5, 136.5, 42.0], [176.0, 136.5, 42.0], [180.5, 136.5, 42.0], [185.0, 136.5, 42.0], [189.5, 136.5, 42.0], [194.0, 136.5, 42.0], [198.5, 136.5, 42.0], [203.0, 136.5, 42.0], [207.5, 136.5, 42.0], [212.0, 136.5, 42.0], [216.5, 136.5, 42.0], [221.0, 136.5, 42.0], [225.5, 136.5, 42.0], [230.0, 136.5, 42.0], [234.5, 136.5, 42.0], [239.0, 136.5, 42.0], [243.5, 136.5, 42.0], [248.0, 136.5, 42.0], [252.5, 136.5, 42.0], [257.0, 136.5, 42.0], [261.5, 136.5, 42.0], [266.0, 136.5, 42.0], [162.5, 132.0, 42.0], [167.0, 132.0, 42.0], [171.5, 132.0, 42.0], [176.0, 132.0, 42.0], [180.5, 132.0, 42.0], [185.0, 132.0, 42.0], [189.5, 132.0, 42.0], [194.0, 132.0, 42.0], [198.5, 132.0, 42.0], [203.0, 132.0, 42.0], [207.5, 132.0, 42.0], [212.0, 132.0, 42.0], [216.5, 132.0, 42.0], [221.0, 132.0, 42.0], [225.5, 132.0, 42.0], [230.0, 132.0, 42.0], [234.5, 132.0, 42.0], [239.0, 132.0, 42.0], [243.5, 132.0, 42.0], [248.0, 132.0, 42.0], [252.5, 132.0, 42.0], [257.0, 132.0, 42.0], [261.5, 132.0, 42.0], [266.0, 132.0, 42.0], [162.5, 127.5, 42.0], [167.0, 127.5, 42.0], [171.5, 127.5, 42.0], [176.0, 127.5, 42.0], [180.5, 127.5, 42.0], [185.0, 127.5, 42.0], [189.5, 127.5, 42.0], [194.0, 127.5, 42.0], [198.5, 127.5, 42.0], [203.0, 127.5, 42.0], [207.5, 127.5, 42.0], [212.0, 127.5, 42.0], [216.5, 127.5, 42.0], [221.0, 127.5, 42.0], [225.5, 127.5, 42.0], [230.0, 127.5, 42.0], [234.5, 127.5, 42.0], [239.0, 127.5, 42.0], [243.5, 127.5, 42.0], [248.0, 127.5, 42.0], [252.5, 127.5, 42.0], [257.0, 127.5, 42.0], [261.5, 127.5, 42.0], [266.0, 127.5, 42.0], [162.5, 123.0, 42.0], [167.0, 123.0, 42.0], [171.5, 123.0, 42.0], [176.0, 123.0, 42.0], [180.5, 123.0, 42.0], [185.0, 123.0, 42.0], [189.5, 123.0, 42.0], [194.0, 123.0, 42.0], [198.5, 123.0, 42.0], [203.0, 123.0, 42.0], [207.5, 123.0, 42.0], [212.0, 123.0, 42.0], [216.5, 123.0, 42.0], [221.0, 123.0, 42.0], [225.5, 123.0, 42.0], [230.0, 123.0, 42.0], [234.5, 123.0, 42.0], [239.0, 123.0, 42.0], [243.5, 123.0, 42.0], [248.0, 123.0, 42.0], [252.5, 123.0, 42.0], [257.0, 123.0, 42.0], [261.5, 123.0, 42.0], [266.0, 123.0, 42.0], [162.5, 118.5, 42.0], [167.0, 118.5, 42.0], [171.5, 118.5, 42.0], [176.0, 118.5, 42.0], [180.5, 118.5, 42.0], [185.0, 118.5, 42.0], [189.5, 118.5, 42.0], [194.0, 118.5, 42.0], [198.5, 118.5, 42.0], [203.0, 118.5, 42.0], [207.5, 118.5, 42.0], [212.0, 118.5, 42.0], [216.5, 118.5, 42.0], [221.0, 118.5, 42.0], [225.5, 118.5, 42.0], [230.0, 118.5, 42.0], [234.5, 118.5, 42.0], [239.0, 118.5, 42.0], [243.5, 118.5, 42.0], [248.0, 118.5, 42.0], [252.5, 118.5, 42.0], [257.0, 118.5, 42.0], [261.5, 118.5, 42.0], [266.0, 118.5, 42.0], [162.5, 114.0, 42.0], [167.0, 114.0, 42.0], [171.5, 114.0, 42.0], [176.0, 114.0, 42.0], [180.5, 114.0, 42.0], [185.0, 114.0, 42.0], [189.5, 114.0, 42.0], [194.0, 114.0, 42.0], [198.5, 114.0, 42.0], [203.0, 114.0, 42.0], [207.5, 114.0, 42.0], [212.0, 114.0, 42.0], [216.5, 114.0, 42.0], [221.0, 114.0, 42.0], [225.5, 114.0, 42.0], [230.0, 114.0, 42.0], [234.5, 114.0, 42.0], [239.0, 114.0, 42.0], [243.5, 114.0, 42.0], [248.0, 114.0, 42.0], [252.5, 114.0, 42.0], [257.0, 114.0, 42.0], [261.5, 114.0, 42.0], [266.0, 114.0, 42.0], [162.5, 109.5, 42.0], [167.0, 109.5, 42.0], [171.5, 109.5, 42.0], [176.0, 109.5, 42.0], [180.5, 109.5, 42.0], [185.0, 109.5, 42.0], [189.5, 109.5, 42.0], [194.0, 109.5, 42.0], [198.5, 109.5, 42.0], [203.0, 109.5, 42.0], [207.5, 109.5, 42.0], [212.0, 109.5, 42.0], [216.5, 109.5, 42.0], [221.0, 109.5, 42.0], [225.5, 109.5, 42.0], [230.0, 109.5, 42.0], [234.5, 109.5, 42.0], [239.0, 109.5, 42.0], [243.5, 109.5, 42.0], [248.0, 109.5, 42.0], [252.5, 109.5, 42.0], [257.0, 109.5, 42.0], [261.5, 109.5, 42.0], [266.0, 109.5, 42.0], [162.5, 105.0, 42.0], [167.0, 105.0, 42.0], [171.5, 105.0, 42.0], [176.0, 105.0, 42.0], [180.5, 105.0, 42.0], [185.0, 105.0, 42.0], [189.5, 105.0, 42.0], [194.0, 105.0, 42.0], [198.5, 105.0, 42.0], [203.0, 105.0, 42.0], [207.5, 105.0, 42.0], [212.0, 105.0, 42.0], [216.5, 105.0, 42.0], [221.0, 105.0, 42.0], [225.5, 105.0, 42.0], [230.0, 105.0, 42.0], [234.5, 105.0, 42.0], [239.0, 105.0, 42.0], [243.5, 105.0, 42.0], [248.0, 105.0, 