{"chips": [{"model": "MicroPOTS_3", "grid": [3, 9], "well_locations": [[70.9, 302.0999999999999, 130.5], [75.4, 302.0999999999999, 130.5], [79.9, 302.0999999999999, 130.5], [84.4, 302.0999999999999, 130.5], [88.9, 302.0999999999999, 130.5], [93.4, 302.0999999999999, 130.5], [97.9, 302.0999999999999, 130.5], [102.4, 302.0999999999999, 130.5], [106.9, 302.0999999999999, 130.5], [70.9, 297.5999999999999, 130.5], [75.4, 297.5999999999999, 130.5], [79.9, 297.5999999999999, 130.5], [84.4, 297.5999999999999, 130.5], [88.9, 297.5999999999999, 130.5], [93.4, 297.5999999999999, 130.5], [97.9, 297.5999999999999, 130.5], [102.4, 297.5999999999999, 130.5], [106.9, 297.5999999999999, 130.5], [70.9, 293.0999999999999, 130.5], [75.4, 293.0999999999999, 130.5], [79.9, 293.0999999999999, 130.5], [84.4, 293.0999999999999, 130.5], [88.9, 293.0999999999999, 130.5], [93.4, 293.0999999999999, 130.5], [97.9, 293.0999999999999, 130.5], [102.4, 293.0999999999999, 130.5], [106.9, 293.0999999999999, 130.5]], "well_types": ["B", "B", "B", "B", "B", "B", "B", "B", "B", "B", "B", "B", "B", "B", "B", "B", "B", "B", "B", "B", "B", "B", "B", "B", "B", "B", "B"], "well_nicknames": ["A1", "A2", "A3", "A4", "A5", "A6", "A7", "A8", "A9", "B1", "B2", "B3", "B4", "B5", "B6", "B7", "B8", "B9", "C1", "C2", "C3", "C4", "C5", "C6", "C7", "C8", "C9"]}], "plates": [{"model": "CORNING_384", "grid": [16, 24], "pot_locations": [[170.0, 157.0, 27.5], [174.5, 157.0, 27.5], [179.0, 157.0, 27.5], [183.5, 157.0, 27.5], [188.0, 157.0, 27.5], [192.5, 157.0, 27.5], [197.0, 157.0, 27.5], [201.5, 157.0, 27.5], [206.0, 157.0, 27.5], [210.5, 157.0, 27.5], [215.0, 157.0, 27.5], [219.5, 157.0, 27.5], [224.0, 157.0, 27.5], [228.5, 157.0, 27.5], [233.0, 157.0, 27.5], [237.5, 157.0, 27.5], [242.0, 157.0, 27.5], [246.5, 157.0, 27.5], [251.0, 157.0, 27.5], [255.5, 157.0, 27.5], [260.0, 157.0, 27.5], [264.5, 157.0, 27.5], [269.0, 157.0, 27.5], [273.5, 157.0, 27.5], [170.0, 152.5, 27.5], [174.5, 152.5, 27.5], [179.0, 152.5, 27.5], [183.5, 152.5, 27.5], [188.0, 152.5, 27.5], [192.5, 152.5, 27.5], [197.0, 152.5, 27.5], [201.5, 152.5, 27.5], [206.0, 152.5, 27.5], [210.5, 152.5, 27.5], [215.0, 152.5, 27.5], [219.5, 152.5, 27.5], [224.0, 152.5, 27.5], [228.5, 152.5, 27.5], [233.0, 152.5, 27.5], [237.5, 152.5, 27.5], [242.0, 152.5, 27.5], [246.5, 152.5, 27.5], [251.0, 152.5, 27.5], [255.5, 152.5, 27.5], [260.0, 152.5, 27.5], [264.5, 152.5, 27.5], [269.0, 152.5, 27.5], [273.5, 152.5, 27.5], [170.0, 148.0, 27.5], [174.5, 148.0, 27.5], [179.0, 148.0, 27.5], [183.5, 148.0, 27.5], [188.0, 148.0, 27.5], [192.5, 148.0, 27.5], [197.0, 148.0, 27.5], [201.5, 148.0, 27.5], [206.0, 148.0, 27.5], [210.5, 148.0, 27.5], [215.0, 148.0, 27.5], [219.5, 148.0, 27.5], [224.0, 148.0, 27.5], [228.5, 148.0, 27.5], [233.0, 148.0, 27.5], [237.5, 148.0, 27.5], [242.0, 148.0, 27.5], [246.5, 148.0, 27.5], [251.0, 148.0, 27.5], [255.5, 148.0, 27.5], [260.0, 148.0, 27.5], [264.5, 148.0, 27.5], [269.0, 148.0, 27.5], [273.5, 148.0, 27.5], [170.0, 143.5, 27.5], [174.5, 143.5, 27.5], [179.0, 143.5, 27.5], [183.5, 143.5, 27.5], [188.0, 143.5, 27.5], [192.5, 143.5, 27.5], [197.0, 143.5, 27.5], [201.5, 143.5, 27.5], [206.0, 143.5, 27.5], [210.5, 143.5, 27.5], [215.0, 143.5, 27.5], [219.5, 143.5, 27.5], [224.0, 143.5, 27.5], [228.5, 143.5, 27.5], [233.0, 143.5, 27.5], [237.5, 143.5, 27.5], [242.0, 143.5, 27.5], [246.5, 143.5, 27.5], [251.0, 143.5, 27.5], [255.5, 143.5, 27.5], [260.0, 143.5, 27.5], [264.5, 143.5, 27.5], [269.0, 143.5, 27.5], [273.5, 143.5, 27.5], [170.0, 139.0, 27.5], [174.5, 139.0, 27.5], [179.0, 139.0, 27.5], [183.5, 139.0, 27.5], [188.0, 139.0, 27.5], [192.5, 139.0, 27.5], [197.0, 139.0, 27.5], [201.5, 139.0, 27.5], [206.0, 139.0, 27.5], [210.5, 139.0, 27.5], [215.0, 139.0, 27.5], [219.5, 139.0, 27.5], [224.0, 139.0, 27.5], [228.5, 139.0, 27.5], [233.0, 139.0, 27.5], [237.5, 139.0, 27.5], [242.0, 139.0, 27.5], [246.5, 139.0, 27.5], [251.0, 139.0, 27.5], [255.5, 139.0, 27.5], [260.0, 139.0, 27.5], [264.5, 139.0, 27.5], [269.0, 139.0, 27.5], [273.5, 139.0, 27.5], [170.0, 134.5, 27.5], [174.5, 134.5, 27.5], [179.0, 134.5, 27.5], [183.5, 134.5, 27.5], [188.0, 134.5, 27.5], [192.5, 134.5, 27.5], [197.0, 134.5, 27.5], [201.5, 134.5, 27.5], [206.0, 134.5, 27.5], [210.5, 134.5, 27.5], [215.0, 134.5, 27.5], [219.5, 134.5, 27.5], [224.0, 134.5, 27.5], [228.5, 134.5, 27.5], [233.0, 134.5, 27.5], [237.5, 134.5, 27.5], [242.0, 134.5, 27.5], [246.5, 134.5, 27.5], [251.0, 134.5, 27.5], [255.5, 134.5, 27.5], [260.0, 134.5, 27.5], [264.5, 134.5, 27.5], [269.0, 134.5, 27.5], [273.5, 134.5, 27.5], [170.0, 130.0, 27.5], [174.5, 130.0, 27.5], [179.0, 130.0, 27.5], [183.5, 130.0, 27.5], [188.0, 130.0, 27.5], [192.5, 130.0, 27.5], [197.0, 130.0, 27.5], [201.5, 130.0, 27.5], [206.0, 130.0, 27.5], [210.5, 130.0, 27.5], [215.0, 130.0, 27.5], [219.5, 130.0, 27.5], [224.0, 130.0, 27.5], [228.5, 130.0, 27.5], [233.0, 130.0, 27.5], [237.5, 130.0, 27.5], [242.0, 130.0, 27.5], [246.5, 130.0, 27.5], [251.0, 130.0, 27.5], [255.5, 130.0, 27.5], [260.0, 130.0, 27.5], [264.5, 130.0, 27.5], [269.0, 130.0, 27.5], [273.5, 130.0, 27.5], [170.0, 125.5, 27.5], [174.5, 125.5, 27.5], [179.0, 125.5, 27.5], [183.5, 125.5, 27.5], [188.0, 125.5, 27.5], [192.5, 125.5, 27.5], [197.0, 125.5, 27.5], [201.5, 125.5, 27.5], [206.0, 125.5, 27.5], [210.5, 125.5, 27.5], [215.0, 125.5, 27.5], [219.5, 125.5, 27.5], [224.0, 125.5, 27.5], [228.5, 125.5, 27.5], [233.0, 125.5, 27.5], [237.5, 125.5, 27.5], [242.0, 125.5, 27.5], [246.5, 125.5, 27.5], [251.0, 125.5, 27.5], [255.5, 125.5, 27.5], [260.0, 125.5, 27.5], [264.5, 125.5, 27.5], [269.0, 125.5, 27.5], [273.5, 125.5, 27.5], [170.0, 121.0, 27.5], [174.5, 121.0, 27.5], [179.0, 121.0, 27.5], [183.5, 121.0, 27.5], [188.0, 121.0, 27.5], [192.5, 121.0, 27.5], [197.0, 121.0, 27.5], [201.5, 121.0, 27.5], [206.0, 121.0, 27.5], [210.5, 121.0, 27.5], [215.0, 121.0, 27.5], [219.5, 121.0, 27.5], [224.0, 121.0, 27.5], [228.5, 121.0, 27.5], [233.0, 121.0, 27.5], [237.5, 121.0, 27.5], [242.0, 121.0, 27.5], [246.5, 121.0, 27.5], [251.0, 121.0, 27.5], [255.5, 121.0, 27.5], [260.0, 121.0, 27.5], [264.5, 121.0, 27.5], [269.0, 121.0, 27.5], [273.5, 121.0, 27.5], [170.0, 116.5, 27.5], [174.5, 116.5, 27.5], [179.0, 116.5, 27.5], [183.5, 116.5, 27.5], [188.0, 116.5, 27.5], [192.5, 116.5, 27.5], [197.0, 116.5, 27.5], [201.5, 116.5, 27.5], [206.0, 116.5, 27.5], [210.5, 116.5, 27.5], [215.0, 116.5, 27.5], [219.5, 116.5, 27.5], [224.0, 116.5, 27.5], [228.5, 116.5, 27.5], [233.0, 116.5, 27.5], [237.5, 116.5, 27.5], [242.0, 116.5, 27.5], [246.5, 116.5, 27.5], [251.0, 116.5, 27.5], [255.5, 116.5, 27.5], [260.0, 116.5, 27.5], [264.5, 116.5, 27.5], [269.0, 116.5, 27.5], [273.5, 116.5, 27.5], [170.0, 112.0, 27.5], [174.5, 112.0, 27.5], [179.0, 112.0, 27.5], [183.5, 112.0, 27.5], [188.0, 112.0, 27.5], [192.5, 112.0, 27.5], [197.0, 112.0, 27.5], [201.5, 112.0, 27.5], [206.0, 112.0, 27.5], [210.5, 112.0, 27.5], [215.0, 112.0, 27.5], [219.5, 112.0, 27.5], [224.0, 112.0, 27.5], [228.5, 112.0, 27.5], [233.0, 112.0, 27.5], [237.5, 112.0, 27.5], [242.0, 112.0, 27.5], [246.5, 112.0, 27.5], [251.0, 112.0, 27.5], [255.5, 112.0, 27.5], [260.0, 112.0, 27.5], [264.5, 112.0, 27.5], [269.0, 112.0, 27.5], [273.5, 112.0, 27.5], [170.0, 107.5, 27.5], [174.5, 107.5, 27.5], [179.0, 107.5, 27.5], [183.5, 107.5, 27.5], [188.0, 107.5, 27.5], [192.5, 107.5, 27.5], [197.0, 107.5, 27.5], [201.5, 107.5, 27.5], [206.0, 107.5, 27.5], [210.5, 107.5, 27.5], [215.0, 107.5, 27.5], [219.5, 107.5, 27.5], [224.0, 107.5, 27.5], [228.5, 107.5, 27.5], [233.0, 107.5, 27.5], [237.5, 107.5, 27.5], [242.0, 107.5, 27.5], [246.5, 107.5, 27.5], [251.0, 107.5, 27.5], [255.5, 107.5, 27.5], [260.0, 107.5, 27.5], [264.5, 107.5, 27.5], [269.0, 107.5, 27.5], [273.5, 107.5, 27.5], [170.0, 103.0, 27.5], [174.5, 103.0, 27.5], [179.0, 103.0, 27.5], [183.5, 103.0, 27.5], [188.0, 103.0, 27.5], [192.5, 103.0, 27.5], [197.0, 103.0, 27.5], [201.5, 103.0, 27.5], [206.0, 103.0, 27.5], [210.5, 103.0, 27.5], [215.0, 103.0, 27.5], [219.5, 103.0, 