{"chips": [], "plates": [{"model": "CORNING_384", "grid": [16, 24], "pot_locations": [[164.0, 155.0, 35.0], [168.52173913043478, 155.0, 35.0], [173.04347826086956, 155.0, 35.0], [177.56521739130434, 155.0, 35.0], [182.08695652173913, 155.0, 35.0], [186.6086956521739, 155.0, 35.0], [191.1304347826087, 155.0, 35.0], [195.65217391304347, 155.0, 35.0], [200.17391304347825, 155.0, 35.0], [204.69565217391303, 155.0, 35.0], [209.2173913043478, 155.0, 35.0], [213.7391304347826, 155.0, 35.0], [218.26086956521738, 155.0, 35.0], [222.7826086956522, 155.0, 35.0], [227.30434782608694, 155.0, 35.0], [231.82608695652175, 155.0, 35.0], [236.3478260869565, 155.0, 35.0], [240.8695652173913, 155.0, 35.0], [245.39130434782606, 155.0, 35.0], [249.91304347826087, 155.0, 35.0], [254.43478260869563, 155.0, 35.0], [258.95652173913044, 155.0, 35.0], [263.4782608695652, 155.0, 35.0], [268.0, 155.0, 35.0], [164.03333333333333, 150.5, 35.0], [168.5550724637681, 150.5, 35.0], [173.0768115942029, 150.5, 35.0], [177.59855072463768, 150.5, 35.0], [182.12028985507246, 150.5, 35.0], [186.64202898550724, 150.5, 35.0], [191.16376811594202, 150.5, 35.0], [195.6855072463768, 150.5, 35.0], [200.20724637681158, 150.5, 35.0], [204.72898550724636, 150.5, 35.0], [209.25072463768115, 150.5, 35.0], [213.77246376811593, 150.5, 35.0], [218.29420289855074, 150.5, 35.0], [222.8159420289855, 150.5, 35.0], [227.3376811594203, 150.5, 35.0], [231.85942028985505, 150.5, 35.0], [236.38115942028986, 150.5, 35.0], [240.90289855072461, 150.5, 35.0], [245.42463768115942, 150.5, 35.0], [249.94637681159418, 150.5, 35.0], [254.468115942029, 150.5, 35.0], [258.98985507246374, 150.5, 35.0], [263.51159420289855, 150.5, 35.0], [268.0333333333333, 150.5, 35.0], [164.06666666666666, 146.0, 35.0], [168.58840579710144, 146.0, 35.0], [173.11014492753623, 146.0, 35.0], [177.631884057971, 146.0, 35.0], [182.1536231884058, 146.0, 35.0], [186.67536231884057, 146.0, 35.0], [191.19710144927535, 146.0, 35.0], [195.71884057971013, 146.0, 35.0], [200.2405797101449, 146.0, 35.0], [204.7623188405797, 146.0, 35.0], [209.28405797101448, 146.0, 35.0], [213.80579710144926, 146.0, 35.0], [218.32753623188404, 146.0, 35.0], [222.84927536231885, 146.0, 35.0], [227.3710144927536, 146.0, 35.0], [231.8927536231884, 146.0, 35.0], [236.41449275362316, 146.0, 35.0], [240.93623188405797, 146.0, 35.0], [245.45797101449273, 146.0, 35.0], [249.97971014492754, 146.0, 35.0], [254.5014492753623, 146.0, 35.0], [259.0231884057971, 146.0, 35.0], [263.54492753623185, 146.0, 35.0], [268.06666666666666, 146.0, 35.0], [164.1, 141.5, 35.0], [168.62173913043478, 141.5, 35.0], [173.14347826086956, 141.5, 35.0], [177.66521739130434, 141.5, 35.0], [182.18695652173912, 141.5, 35.0], [186.7086956521739, 141.5, 35.0], [191.23043478260868, 141.5, 35.0], [195.75217391304346, 141.5, 35.0], [200.27391304347825, 141.5, 35.0], [204.79565217391303, 141.5, 35.0], [209.3173913043478, 141.5, 35.0], [213.8391304347826, 141.5, 35.0], [218.3608695652174, 141.5, 35.0], [222.88260869565215, 141.5, 35.0], [227.40434782608696, 141.5, 35.0], [231.92608695652171, 141.5, 35.0], [236.44782608695652, 141.5, 35.0], [240.96956521739128, 141.5, 35.0], [245.4913043478261, 141.5, 35.0], [250.01304347826084, 141.5, 35.0], [254.53478260869565, 141.5, 35.0], [259.0565217391304, 141.5, 35.0], [263.5782608695652, 141.5, 35.0], [268.09999999999997, 141.5, 35.0], [164.13333333333333, 137.0, 35.0], [168.6550724637681, 137.0, 35.0], [173.1768115942029, 137.0, 35.0], [177.69855072463767, 137.0, 35.0], [182.22028985507245, 137.0, 35.0], [186.74202898550723, 137.0, 35.0], [191.263768115942, 137.0, 35.0], [195.7855072463768, 137.0, 35.0], [200.30724637681158, 137.0, 35.0], [204.82898550724636, 137.0, 35.0], [209.35072463768114, 137.0, 35.0], [213.87246376811592, 137.0, 35.0], [218.3942028985507, 137.0, 35.0], [222.9159420289855, 137.0, 35.0], [227.43768115942026, 137.0, 35.0], [231.95942028985507, 137.0, 35.0], [236.48115942028983, 137.0, 35.0], [241.00289855072464, 137.0, 35.0], [245.5246376811594, 137.0, 35.0], [250.0463768115942, 137.0, 35.0], [254.56811594202895, 137.0, 35.0], [259.08985507246376, 137.0, 35.0], [263.6115942028985, 137.0, 35.0], [268.1333333333333, 137.0, 35.0], [164.16666666666666, 132.5, 35.0], [168.68840579710144, 132.5, 35.0], [173.21014492753622, 132.5, 35.0], [177.731884057971, 132.5, 35.0], [182.25362318840578, 132.5, 35.0], [186.77536231884056, 132.5, 35.0], [191.29710144927535, 132.5, 35.0], [195.81884057971013, 132.5, 35.0], [200.3405797101449, 132.5, 35.0], [204.8623188405797, 132.5, 35.0], [209.38405797101447, 132.5, 35.0], [213.90579710144925, 132.5, 35.0], [218.42753623188406, 132.5, 35.0], [222.94927536231882, 132.5, 35.0], [227.47101449275362, 132.5, 35.0], [231.99275362318838, 132.5, 35.0], [236.5144927536232, 132.5, 35.0], [241.03623188405794, 132.5, 35.0], [245.55797101449275, 132.5, 35.0], [250.0797101449275, 132.5, 35.0], [254.6014492753623, 132.5, 35.0], [259.12318840579707, 132.5, 35.0], [263.6449275362319, 132.5, 35.0], [268.16666666666663, 132.5, 35.0], [164.2, 128.0, 35.0], [168.72173913043477, 128.0, 35.0], [173.24347826086955, 128.0, 35.0], [177.76521739130433, 128.0, 35.0], [182.2869565217391, 128.0, 35.0], [186.8086956521739, 128.0, 35.0], [191.33043478260868, 128.0, 35.0], [195.85217391304346, 128.0, 35.0], [200.37391304347824, 128.0, 35.0], [204.89565217391302, 128.0, 35.0], [209.4173913043478, 128.0, 35.0], [213.93913043478258, 128.0, 35.0], [218.46086956521737, 128.0, 35.0], [222.98260869565217, 128.0, 35.0], [227.50434782608693, 128.0, 35.0], [232.02608695652174, 128.0, 35.0], [236.5478260869565, 128.0, 35.0], [241.0695652173913, 128.0, 35.0], [245.59130434782605, 128.0, 35.0], [250.11304347826086, 128.0, 35.0], [254.63478260869562, 128.0, 35.0], [259.1565217391304, 128.0, 35.0], [263.6782608695652, 128.0, 35.0], [268.2, 128.0, 35.0], [164.23333333333332, 123.5, 35.0], [168.7550724637681, 123.5, 35.0], [173.27681159420288, 123.5, 35.0], [177.79855072463766, 123.5, 35.0], [182.32028985507245, 123.5, 35.0], [186.84202898550723, 123.5, 35.0], [191.363768115942, 123.5, 35.0], [195.8855072463768, 123.5, 35.0], [200.40724637681157, 123.5, 35.0], [204.92898550724635, 123.5, 35.0], [209.45072463768113, 123.5, 35.0], [213.97246376811592, 123.5, 35.0], [218.49420289855072, 123.5, 35.0], [223.01594202898548, 123.5, 35.0], [227.5376811594203, 123.5, 35.0], [232.05942028985504, 123.5, 35.0], [236.58115942028985, 123.5, 35.0], [241.1028985507246, 123.5, 35.0], [245.6246376811594, 123.5, 35.0], [250.14637681159417, 123.5, 35.0], [254.66811594202898, 123.5, 35.0], [259.18985507246373, 123.5, 35.0], [263.71159420289854, 123.5, 35.0], [268.2333333333333, 123.5, 35.0], [164.26666666666665, 119.0, 35.0], [168.78840579710143, 119.0, 35.0], [173.31014492753621, 119.0, 35.0], [177.831884057971, 119.0, 35.0], [182.35362318840578, 119.0, 35.0], [186.87536231884056, 119.0, 35.0], [191.39710144927534, 119.0, 35.0], [195.91884057971012, 119.0, 35.0], [200.4405797101449, 119.0, 35.0], [204.96231884057968, 119.0, 35.0], [209.48405797101447, 119.0, 35.0], [214.00579710144925, 119.0, 35.0], [218.52753623188403, 119.0, 
35.0], [223.04927536231884, 119.0, 35.0], [227.5710144927536, 119.0, 35.0], [232.0927536231884, 119.0, 35.0], [236.61449275362315, 119.0, 35.0], [241.13623188405796, 119.0, 35.0], [245.65797101449272, 
