{"models": [{"model": "CUSTOM.json", "grid": [4, 5], "well_locations": [[303.0, 237.5, 61.150000000000006], [318.875, 237.5, 61.275000000000006], [334.75, 237.5, 61.400000000000006], [350.625, 237.5, 61.525000000000006], [366.5, 237.5, 61.650000000000006], [303.0, 220.5, 61.150000000000006], [318.875, 220.5, 61.275000000000006], [334.75, 220.5, 61.400000000000006], [350.625, 220.5, 61.525000000000006], [366.5, 220.5, 61.650000000000006], [303.0, 203.5, 61.150000000000006], [318.875, 203.5, 61.275000000000006], [334.75, 203.5, 61.400000000000006], [350.625, 203.5, 61.525000000000006], [366.5, 203.5, 61.650000000000006], [303.0, 186.5, 61.150000000000006], [318.875, 186.5, 61.275000000000006], [334.75, 186.5, 61.400000000000006], [350.625, 186.5, 61.525000000000006], [366.5, 186.5, 61.650000000000006]], "well_depths": [20, 20, 20, 20, 20, 20, 20, 20, 20, 20, 20, 20, 20, 20, 20, 20, 20, 20, 20, 20], "well_nicknames": ["A1", "A2", "A3", "A4", "A5", "B1", "B2", "B3", "B4", "B5", "C1", "C2", "C3", "C4", "C5", "D1", "D2", "D3", "D4", "D5"], "offset": 0}, {"model": "MicroPOTS_3.json", "grid": [3, 9], "well_locations": [[66.42628571428568, 324.90142857142814, 134.8885714285715], [70.92271428571425, 324.90857142857095, 134.88142857142867], [75.41914285714282, 324.9157142857138, 134.8742857142858], [79.91557142857138, 324.9228571428567, 134.86714285714297], [84.41199999999995, 324.92999999999955, 134.8600000000001], [88.90842857142852, 324.9371428571424, 134.85285714285723], [93.40485714285708, 324.9442857142853, 134.8457142857144], [97.90128571428565, 324.95142857142815, 134.83857142857153], [102.39771428571423, 324.95857142857096, 134.8314285714287], [66.42628571428568, 320.3514285714281, 134.91357142857152], [70.92271428571425, 320.3585714285709, 134.90642857142868], [75.41914285714282, 320.36571428571375, 134.8992857142858], [79.91557142857138, 320.3728571428566, 134.89214285714297], [84.41199999999995, 320.3799999999995, 134.8850000000001], [88.90842857142852, 320.38714285714235, 134.87785714285724], [93.40485714285708, 320.3942857142852, 134.8707142857144], [97.90128571428565, 320.4014285714281, 134.86357142857153], [102.39771428571423, 320.4085714285709, 134.8564285714287], [66.42628571428568, 315.801428571428, 134.93857142857152], [70.92271428571425, 315.8085714285708, 134.93142857142868], [75.41914285714282, 315.8157142857137, 134.92428571428582], [79.91557142857138, 315.82285714285655, 134.91714285714298], [84.41199999999995, 315.8299999999994, 134.9100000000001], [88.90842857142852, 315.8371428571423, 134.90285714285724], [93.40485714285708, 315.84428571428515, 134.8957142857144], [97.90128571428565, 315.851428571428, 134.88857142857154], [102.39771428571423, 315.8585714285708, 134.8814285714287]], "well_depths": [0, 0, 0, 0, 0, 0, 0, 0, 0, 0, 0, 0, 0, 0, 0, 0, 0, 0, 0, 0, 0, 0, 0, 0, 0, 0, 0], "well_nicknames": ["A1", "A2", "A3", "A4", "A5", "A6", "A7", "A8", "A9", "B1", "B2", "B3", "B4", "B5", "B6", "B7", "B8", "B9", "C1", "C2", "C3", "C4", "C5", "C6", "C7", "C8", "C9"], "offset": 0}]}