{"chips": [{"model": "MicroPOTS_3", "grid": [3, 9], "well_locations": [[70.09957485001642, 319.99286051706326, 130.2], [74.59943313335523, 319.9571473560844, 130.2], [79.09929141669404, 319.9214341951055, 130.2], [83.59914970003285, 319.8857210341266, 130.2], [88.09900798337166, 319.8500078731478, 130.2], [92.59886626671047, 319.8142947121689, 130.2], [97.09872455004927, 319.77858155119, 130.2], [101.5985828333881, 319.74286839021113, 130.2], [106.09844111672689, 319.7071552292322, 130.2], [70.09957485001642, 315.49286051706326, 130.2], [74.59943313335523, 315.4571473560844, 130.2], [79.09929141669404, 315.4214341951055, 130.2], [83.59914970003285, 315.3857210341266, 130.2], [88.09900798337166, 315.3500078731478, 130.2], [92.59886626671047, 315.3142947121689, 130.2], [97.09872455004927, 315.27858155119, 130.2], [101.5985828333881, 315.24286839021113, 130.2], [106.09844111672689, 315.2071552292322, 130.2], [70.09957485001642, 310.99286051706326, 130.2], [74.59943313335523, 310.9571473560844, 130.2], [79.09929141669404, 310.9214341951055, 130.2], [83.59914970003285, 310.8857210341266, 130.2], [88.09900798337166, 310.8500078731478, 130.2], [92.59886626671047, 310.8142947121689, 130.2], [97.09872455004927, 310.77858155119, 130.2], [101.5985828333881, 310.74286839021113, 130.2], [106.09844111672689, 310.7071552292322, 130.2]], "well_types": ["B", "B", "B", "B", "B", "B", "B", "B", "B", "B", "B", "B", "B", "B", "B", "B", "B", "B", "B", "B", "B", "B", "B", "B", "B", "B", "B"], "well_nicknames": ["A1", "A2", "A3", "A4", "A5", "A6", "A7", "A8", "A9", "B1", "B2", "B3", "B4", "B5", "B6", "B7", "B8", "B9", "C1", "C2", "C3", "C4", "C5", "C6", "C7", "C8", "C9"]}], "plates": [{"model": "CUSTOM", "grid": [4, 5], "pot_locations": [[306.0, 149.0, 50.5], [321.9306691508259, 149.0, 51.62012517466745], [337.8613383016518, 149.0, 52.74025034933489], [353.7920074524777, 149.0, 53.860375524002336], [369.7226766033036, 149.0, 54.980500698669786], [306.0, 131.906, 50.5], [321.9306691508259, 131.906, 51.62012517466745], [337.8613383016518, 131.906, 52.74025034933489], [353.7920074524777, 131.906, 53.860375524002336], [369.7226766033036, 131.906, 54.980500698669786], [306.0, 114.812, 50.5], [321.9306691508259, 114.812, 51.62012517466745], [337.8613383016518, 114.812, 52.74025034933489], [353.7920074524777, 114.812, 53.860375524002336], [369.7226766033036, 114.812, 54.980500698669786], [306.0, 97.71799999999999, 50.5], [321.9306691508259, 97.71799999999999, 51.62012517466745], [337.8613383016518, 97.71799999999999, 52.74025034933489], [353.7920074524777, 97.71799999999999, 53.860375524002336], [369.7226766033036, 97.71799999999999, 54.980500698669786]], "pot_depths": [20, 20, 20, 20, 20, 20, 20, 20, 20, 20, 20, 20, 20, 20, 20, 20, 20, 20, 20, 20], "pot_nicknames": ["A1", "A2", "A3", "A4", "A5", "B1", "B2", "B3", "B4", "B5", "C1", "C2", "C3", "C4", "C5", "D1", "D2", "D3", "D4", "D5"]}]}