{"chips": [], "plates": [{"model": "CUSTOM", "grid": [4, 5], "pot_locations": [[305.5, 150.5, 42.0], [321.47, 150.5, 42.0], [337.44, 150.5, 42.0], [353.41, 150.5, 42.0], [369.38, 150.5, 42.0], [305.8286700000706, 133.4091599963298, 42.0], [321.79867000007056, 133.4091599963298, 42.0], [337.7686700000706, 133.4091599963298, 42.0], [353.73867000007056, 133.4091599963298, 42.0], [369.7086700000706, 133.4091599963298, 42.0], [306.1573400001412, 116.3183199926596, 42.0], [322.12734000014115, 116.3183199926596, 42.0], [338.0973400001412, 116.3183199926596, 42.0], [354.06734000014114, 116.3183199926596, 42.0], [370.03734000014117, 116.3183199926596, 42.0], [306.48601000021176, 99.22747998898939, 42.0], [322.45601000021173, 99.22747998898939, 42.0], [338.42601000021176, 99.22747998898939, 42.0], [354.39601000021173, 99.22747998898939, 42.0], [370.36601000021176, 99.22747998898939, 42.0]], "pot_depths": [20, 20, 20, 20, 20, 20, 20, 20, 20, 20, 20, 20, 20, 20, 20, 20, 20, 20, 20, 20], "pot_nicknames": ["A1", "A2", "A3", "A4", "A5", "B1", "B2", "B3", "B4", "B5", "C1", "C2", "C3", "C4", "C5", "D1", "D2", "D3", "D4", "D5"]}, {"model": "CUSTOM_SMALL", "grid": [2, 10], "pot_locations": [[394.0, 159.5, 42.0], [394.0, 151.73, 42.0], [394.0, 143.96, 42.0], [394.0, 136.19, 42.0], [394.0, 128.42000000000002, 42.0], [394.0, 120.65, 42.0], [394.0, 112.88, 42.0], [394.0, 105.11, 42.0], [394.0, 97.34, 42.0], [394.0, 89.57000000000001, 42.0], [409.97, 159.5, 42.0], [409.97, 151.73, 42.0], [409.97, 143.96, 42.0], [409.97, 136.19, 42.0], [409.97, 128.42000000000002, 42.0], [409.97, 120.65, 42.0], [409.97, 112.88, 42.0], [409.97, 105.11, 42.0], [409.97, 97.34, 42.0], [409.97, 89.57000000000001, 42.0]], "pot_depths": [20.0, 20.0, 20.0, 20.0, 20.0, 20.0, 20.0, 20.0, 20.0, 20.0, 20.0, 20.0, 20.0, 20.0, 20.0, 20.0, 20.0, 20.0, 20.0, 20.0], "pot_nicknames": ["A1", "B1", "C1", "D1", "E1", "F1", "G1", "H1", "I1", "J1", "A2", "B2", "C2", "D2", "E2", "F2", "G2", "H2", "I2", "J2"]}, {"model": "CORNING_384", "grid": [16, 24], "pot_locations": [[170.0, 158.5, 24.0], [174.5, 158.5, 24.0], [179.0, 158.5, 24.0], [183.5, 158.5, 24.0], [188.0, 158.5, 24.0], [192.5, 158.5, 24.0], [197.0, 158.5, 24.0], [201.5, 158.5, 24.0], [206.0, 158.5, 24.0], [210.5, 158.5, 24.0], [215.0, 158.5, 24.0], [219.5, 158.5, 24.0], [224.0, 158.5, 24.0], [228.5, 158.5, 24.0], [233.0, 158.5, 24.0], [237.5, 158.5, 24.0], [242.0, 158.5, 24.0], [246.5, 158.5, 24.0], [251.0, 158.5, 24.0], [255.5, 158.5, 24.0], [260.0, 158.5, 24.0], [264.5, 158.5, 24.0], [269.0, 158.5, 24.0], [273.5, 158.5, 24.0], [170.0, 154.0, 24.0], [174.5, 154.0, 24.0], [179.0, 154.0, 24.0], [183.5, 154.0, 24.0], [188.0, 154.0, 24.0], [192.5, 154.0, 24.0], [197.0, 154.0, 24.0], [201.5, 154.0, 24.0], [206.0, 154.0, 24.0], [210.5, 154.0, 24.0], [215.0, 154.0, 24.0], [219.5, 154.0, 24.0], [224.0, 154.0, 24.0], [228.5, 154.0, 24.0], [233.0, 154.0, 24.0], [237.5, 154.0, 24.0], [242.0, 154.0, 24.0], [246.5, 154.0, 24.0], [251.0, 154.0, 24.0], [255.5, 154.0, 24.0], [260.0, 154.0, 24.0], [264.5, 154.0, 24.0], [269.0, 154.0, 24.0], [273.5, 154.0, 24.0], [170.0, 149.5, 24.0], [174.5, 149.5, 24.0], [179.0, 149.5, 24.0], [183.5, 149.5, 24.0], [188.0, 149.5, 24.0], [192.5, 149.5, 24.0], [197.0, 149.5, 24.0], [201.5, 149.5, 24.0], [206.0, 149.5, 24.0], [210.5, 149.5, 24.0], [215.0, 149.5, 24.0], [219.5, 149.5, 24.0], [224.0, 149.5, 24.0], [228.5, 149.5, 24.0], [233.0, 149.5, 24.0], [237.5, 149.5, 24.0], [242.0, 149.5, 24.0], [246.5, 149.5, 24.0], [251.0, 149.5, 24.0], [255.5, 149.5, 24.0], [260.0, 149.5, 24.0], [264.5, 149.5, 24.0], [269.0, 149.5, 24.0], [273.5, 149.5, 24.0], [170.0, 145.0, 24.0], [174.5, 145.0, 24.0], [179.0, 145.0, 24.0], [183.5, 145.0, 24.0], [188.0, 145.0, 24.0], [192.5, 145.0, 24.0], [197.0, 145.0, 24.0], [201.5, 145.0, 24.0], [206.0, 145.0, 24.0], [210.5, 145.0, 24.0], [215.0, 145.0, 24.0], [219.5, 145.0, 24.0], [224.0, 145.0, 24.0], [228.5, 145.0, 24.0], [233.0, 145.0, 24.0], [237.5, 145.0, 24.0], [242.0, 145.0, 24.0], [246.5, 145.0, 24.0], [251.0, 145.0, 24.0], [255.5, 145.0, 24.0], [260.0, 145.0, 24.0], [264.5, 145.0, 24.0], [269.0, 145.0, 24.0], [273.5, 145.0, 24.0], [170.0, 140.5, 24.0], [174.5, 140.5, 24.0], [179.0, 140.5, 24.0], [183.5, 140.5, 24.0], [188.0, 140.5, 24.0], [192.5, 140.5, 24.0], [197.0, 140.5, 24.0], [201.5, 140.5, 24.0], [206.0, 140.5, 24.0], [210.5, 140.5, 24.0], [215.0, 140.5, 24.0], [219.5, 140.5, 24.0], [224.0, 140.5, 24.0], [228.5, 140.5, 24.0], [233.0, 140.5, 24.0], [237.5, 140.5, 24.0], [242.0, 140.5, 24.0], [246.5, 140.5, 24.0], [251.0, 140.5, 24.0], [255.5, 140.5, 24.0], [260.0, 140.5, 24.0], [264.5, 140.5, 24.0], [269.0, 140.5, 24.0], [273.5, 140.5, 24.0], [170.0, 136.0, 24.0], [174.5, 136.0, 24.0], [179.0, 136.0, 24.0], [183.5, 136.0, 24.0], [188.0, 136.0, 24.0], [192.5, 136.0, 24.0], [197.0, 136.0, 24.0], [201.5, 136.0, 24.0], [206.0, 136.0, 24.0], [210.5, 136.0, 24.0], [215.0, 136.0, 24.0], [219.5, 136.0, 24.0], [224.0, 136.0, 24.0], [228.5, 136.0, 24.0], [233.0, 136.0, 24.0], [237.5, 136.0, 24.0], [242.0, 136.0, 24.0], [246.5, 136.0, 24.0], [251.0, 136.0, 24.0], [255.5, 136.0, 24.0], [260.0, 136.0, 24.0], [264.5, 136.0, 24.0], [269.0, 136.0, 24.0], [273.5, 136.0, 24.0], [170.0, 131.5, 24.0], [174.5, 131.5, 24.0], [179.0, 131.5, 24.0], [183.5, 131.5, 24.0], [188.0, 131.5, 24.0], [192.5, 131.5, 24.0], [197.0, 131.5, 24.0], [201.5, 131.5, 24.0], [206.0, 131.5, 24.0], [210.5, 131.5, 24.0], [215.0, 131.5, 24.0], [219.5, 131.5, 24.0], [224.0, 131.5, 24.0], [228.5, 131.5, 24.0], [233.0, 131.5, 24.0], [237.5, 131.5, 24.0], [242.0, 131.5, 24.0], [246.5, 131.5, 24.0], [251.0, 131.5, 24.0], [255.5, 131.5, 24.0], [260.0, 131.5, 24.0], [264.5, 131.5, 24.0], [269.0, 131.5, 24.0], [273.5, 131.5, 24.0], [170.0, 127.0, 24.0], [174.5, 127.0, 24.0], [179.0, 127.0, 24.0], [183.5, 127.0, 24.0], [188.0, 127.0, 24.0], [192.5, 127.0, 24.0], [197.0, 127.0, 24.0], [201.5, 127.0, 24.0], [206.0, 127.0, 24.0], [210.5, 127.0, 24.0], [215.0, 127.0, 24.0], [219.5, 127.0, 24.0], [224.0, 127.0, 24.0], [228.5, 127.0, 24.0], [233.0, 127.0, 24.0], [237.5, 127.0, 24.0], [242.0, 127.0, 24.0], [246.5, 127.0, 24.0], [251.0, 127.0, 24.0], [255.5, 127.0, 24.0], [260.0, 127.0, 24.0], [264.5, 127.0, 24.0], [269.0, 127.0, 24.0], [273.5, 127.0, 24.0], [170.0, 122.5, 24.0], [174.5, 122.5, 24.0], [179.0, 122.5, 24.0], [183.5, 122.5, 24.0], [188.0, 122.5, 24.0], [192.5, 122.5, 24.0], [197.0, 122.5, 24.0], [201.5, 122.5, 24.0], [206.0, 122.5, 24.0], [210.5, 122.5, 24.0], [215.0, 122.5, 24.0], [219.5, 122.5, 24.0], [224.0, 122.5, 24.0], [228.5, 122.5, 24.0], [233.0, 122.5, 24.0], [237.5, 122.5, 24.0], [242.0, 122.5, 24.0], [246.5, 122.5, 24.0], [251.0, 122.5, 24.0], [255.5, 122.5, 24.0], [260.0, 122.5, 24.0], [264.5, 122.5, 24.0], [269.0, 122.5, 24.0], [273.5, 122.5, 24.0], [170.0, 118.0, 24.0], [174.5, 118.0, 24.0], [179.0, 118.0, 24.0], [183.5, 118.0, 24.0], [188.0, 118.0, 24.0], [192.5, 118.0, 24.0], [197.0, 118.0, 24.0], [201.5, 118.0, 24.0], [206.0, 118.0, 24.0], [210.5, 118.0, 24.0], [215.0, 118.0, 24.0], [219.5, 118.0, 24.0], [224.0, 118.0, 24.0], [228.5, 118.0, 24.0], [233.0, 118.0, 24.0], [237.5, 118.0, 24.0], [242.0, 118.0, 24.0], [246.5, 118.0, 24.0], [251.0, 118.0, 24.0], [255.5, 118.0, 24.0], [260.0, 118.0, 24.0], [264.5, 118.0, 24.0], [269.0, 118.0, 24.0], [273.5, 118.0, 24.0], [170.0, 113.5, 24.0], [174.5, 113.5, 24.0], [179.0, 113.5, 24.0], [183.5, 113.5, 24.0], [188.0, 113.5, 24.0], [192.5, 113.5, 24.0], [197.0, 113.5, 24.0], [201.5, 113.5, 24.0], [206.0, 113.5, 24.0], [210.5, 113.5, 24.0], [215.0, 113.5, 24.0], [219.5, 113.5, 24.0], [224.0, 113.5, 24.0], [228.5, 113.5, 24.0], [233.0, 113.5, 24.0], [237.5, 113.5, 24.0], [242.0, 113.5, 24.0], [246.5, 113.5, 24.0], [251.0, 113.5, 24.0], [255.5, 113.5, 24.0], [260.0, 113.5, 24.0], [264.5, 113.5, 24.0], [269.0, 113.5, 24.0], [273.5, 113.5, 24.0], [170.0, 109.0, 24.0], [174.5, 109.0, 24.0], [179.0, 109.0, 24.0], [183.5, 109.0, 24.0], [188.0, 109.0, 24.0], [192.5, 109.0, 24.0], [197.0, 109.0, 