{"chips": [{"model": "MicroPOTS_3", "grid": [3, 9], "well_locations": [[65.8, 35.699999999999996, 163.5], [70.3, 35.699999999999996, 163.5], [74.8, 35.699999999999996, 163.5], [79.3, 35.699999999999996, 163.5], [83.8, 35.699999999999996, 163.5], [88.3, 35.699999999999996, 163.5], [92.8, 35.699999999999996, 163.5], [97.3, 35.699999999999996, 163.5], [101.8, 35.699999999999996, 163.5], [65.8, 31.199999999999996, 163.5], [70.3, 31.199999999999996, 163.5], [74.8, 31.199999999999996, 163.5], [79.3, 31.199999999999996, 163.5], [83.8, 31.199999999999996, 163.5], [88.3, 31.199999999999996, 163.5], [92.8, 31.199999999999996, 163.5], [97.3, 31.199999999999996, 163.5], [101.8, 31.199999999999996, 163.5], [65.8, 26.699999999999996, 163.5], [70.3, 26.699999999999996, 163.5], [74.8, 26.699999999999996, 163.5], [79.3, 26.699999999999996, 163.5], [83.8, 26.699999999999996, 163.5], [88.3, 26.699999999999996, 163.5], [92.8, 26.699999999999996, 163.5], [97.3, 26.699999999999996, 163.5], [101.8, 26.699999999999996, 163.5]], "well_types": ["B", "B", "B", "B", "B", "B", "B", "B", "B", "B", "B", "B", "B", "B", "B", "B", "B", "B", "B", "B", "B", "B", "B", "B", "B", "B", "B"], "well_nicknames": ["A1", "A2", "A3", "A4", "A5", "A6", "A7", "A8", "A9", "B1", "B2", "B3", "B4", "B5", "B6", "B7", "B8", "B9", "C1", "C2", "C3", "C4", "C5", "C6", "C7", "C8", "C9"]}], "plates": [{"model": "CUSTOM", "grid": [4, 5], "pot_locations": [[306.3, 150.7, 85.0], [322.27000000000004, 150.7, 85.0], [338.24, 150.7, 85.0], [354.21000000000004, 150.7, 85.0], [370.18, 150.7, 85.0], [306.3, 133.606, 85.0], [322.27000000000004, 133.606, 85.0], [338.24, 133.606, 85.0], [354.21000000000004, 133.606, 85.0], [370.18, 133.606, 85.0], [306.3, 116.51199999999999, 85.0], [322.27000000000004, 116.51199999999999, 85.0], [338.24, 116.51199999999999, 85.0], [354.21000000000004, 116.51199999999999, 85.0], [370.18, 116.51199999999999, 85.0], [306.3, 99.41799999999998, 85.0], [322.27000000000004, 99.41799999999998, 85.0], [338.24, 99.41799999999998, 85.0], [354.21000000000004, 99.41799999999998, 85.0], [370.18, 99.41799999999998, 85.0]], "pot_depths": [20, 20, 20, 20, 20, 20, 20, 20, 20, 20, 20, 20, 20, 20, 20, 20, 20, 20, 20, 20], "pot_nicknames": ["A1", "A2", "A3", "A4", "A5", "B1", "B2", "B3", "B4", "B5", "C1", "C2", "C3", "C4", "C5", "D1", "D2", "D3", "D4", "D5"]}]}