{"models": [{"model": "CUSTOM.json", "grid": [4, 5], "well_locations": [[303.0, 237.5, 61.150000000000006], [318.875, 237.5, 61.275000000000006], [334.75, 237.5, 61.400000000000006], [350.625, 237.5, 61.525000000000006], [366.5, 237.5, 61.650000000000006], [303.0, 220.5, 61.150000000000006], [318.875, 220.5, 61.275000000000006], [334.75, 220.5, 61.400000000000006], [350.625, 220.5, 61.525000000000006], [366.5, 220.5, 61.650000000000006], [303.0, 203.5, 61.150000000000006], [318.875, 203.5, 61.275000000000006], [334.75, 203.5, 61.400000000000006], [350.625, 203.5, 61.525000000000006], [366.5, 203.5, 61.650000000000006], [303.0, 186.5, 61.150000000000006], [318.875, 186.5, 61.275000000000006], [334.75, 186.5, 61.400000000000006], [350.625, 186.5, 61.525000000000006], [366.5, 186.5, 61.650000000000006]], "well_depths": [20, 20, 20, 20, 20, 20, 20, 20, 20, 20, 20, 20, 20, 20, 20, 20, 20, 20, 20, 20], "well_nicknames": ["A1", "A2", "A3", "A4", "A5", "B1", "B2", "B3", "B4", "B5", "C1", "C2", "C3", "C4", "C5", "D1", "D2", "D3", "D4", "D5"], "offset": 0}, {"model": "MicroPOTS_1.json", "grid": [3, 9], "well_locations": [[66.25321428571428, 282.4, 136.56035714285733], [70.75428571428571, 282.4, 136.53214285714304], [75.25535714285714, 282.4, 136.50392857142876], [79.75642857142857, 282.4, 136.47571428571447], [84.25750000000001, 282.4, 136.4475000000002], [88.75857142857143, 282.4, 136.4192857142859], [93.25964285714286, 282.4, 136.39107142857162], [97.7607142857143, 282.4, 136.36285714285734], [102.26178571428574, 282.4, 136.33464285714305], [66.27821428571427, 277.9, 136.5728571428573], [70.7792857142857, 277.9, 136.544642857143], [75.28035714285714, 277.9, 136.51642857142872], [79.78142857142856, 277.9, 136.48821428571443], [84.2825, 277.9, 136.46000000000015], [88.78357142857143, 277.9, 136.43178571428587], [93.28464285714287, 277.9, 136.40357142857158], [97.7857142857143, 277.9, 136.3753571428573], [102.28678571428573, 277.9, 136.347142857143], [66.30321428571428, 273.4, 136.58535714285725], [70.80428571428571, 273.4, 136.55714285714296], [75.30535714285715, 273.4, 136.52892857142868], [79.80642857142857, 273.4, 136.5007142857144], [84.3075, 273.4, 136.4725000000001], [88.80857142857144, 273.4, 136.44428571428583], [93.30964285714288, 273.4, 136.41607142857154], [97.81071428571431, 273.4, 136.38785714285726], [102.31178571428573, 273.4, 136.35964285714297]], "well_depths": [0, 0, 0, 0, 0, 0, 0, 0, 0, 0, 0, 0, 0, 0, 0, 0, 0, 0, 0, 0, 0, 0, 0, 0, 0, 0, 0], "well_nicknames": ["A1", "A2", "A3", "A4", "A5", "A6", "A7", "A8", "A9", "B1", "B2", "B3", "B4", "B5", "B6", "B7", "B8", "B9", "C1", "C2", "C3", "C4", "C5", "C6", "C7", "C8", "C9"], "offset": 0}, {"model": "MicroPOTS_2.json", "grid": [3, 9], "well_locations": [[66.86035714285715, 324.86821428571415, 136.09392857142902], [71.36214285714287, 324.8742857142856, 136.08357142857187], [75.86392857142859, 324.880357142857, 136.07321428571473], [80.36571428571429, 324.88642857142844, 136.06285714285758], [84.8675, 324.89249999999987, 136.05250000000046], [89.36928571428572, 324.8985714285713, 136.04214285714332], [93.87107142857144, 324.90464285714273, 136.03178571428617], [98.37285714285716, 324.91071428571416, 136.02142857142903], [102.87464285714287, 324.9167857142856, 136.01107142857188], [66.86035714285715, 320.36821428571415, 136.10642857142898], [71.36214285714287, 320.3742857142856, 136.09607142857183], [75.86392857142859, 320.380357142857, 136.0857142857147], [80.36571428571429, 320.38642857142844, 136.07535714285754], [84.8675, 320.39249999999987, 136.0650000000004], [89.36928571428572, 320.3985714285713, 136.05464285714328], [93.87107142857144, 320.40464285714273, 136.04428571428613], [98.37285714285716, 320.41071428571416, 136.033928571429], [102.87464285714287, 320.4167857142856, 136.02357142857184], [66.86035714285715, 315.86821428571415, 136.11892857142894], [71.36214285714287, 315.8742857142856, 136.1085714285718], [75.86392857142859, 315.880357142857, 136.09821428571465], [80.36571428571429, 315.88642857142844, 136.0878571428575], [84.8675, 315.89249999999987, 136.07750000000038], [89.36928571428572, 315.8985714285713, 136.06714285714324], [93.87107142857144, 315.90464285714273, 136.0567857142861], [98.37285714285716, 315.91071428571416, 136.04642857142895], [102.87464285714287, 315.9167857142856, 136.0360714285718]], "well_depths": [0, 0, 0, 0, 0, 0, 0, 0, 0, 0, 0, 0, 0, 0, 0, 0, 0, 0, 0, 0, 0, 0, 0, 0, 0, 0, 0], "well_nicknames": ["A1", "A2", "A3", "A4", "A5", "A6", "A7", "A8", "A9", "B1", "B2", "B3", "B4", "B5", "B6", "B7", "B8", "B9", "C1", "C2", "C3", "C4", "C5", "C6", "C7", "C8", "C9"], "offset": 0}]}