{"models": [{"model": "CUSTOM.json", "grid": [4, 5], "well_locations": [[303.0, 237.5, 61.150000000000006], [318.875, 237.5, 61.275000000000006], [334.75, 237.5, 61.400000000000006], [350.625, 237.5, 61.525000000000006], [366.5, 237.5, 61.650000000000006], [303.0, 220.5, 61.150000000000006], [318.875, 220.5, 61.275000000000006], [334.75, 220.5, 61.400000000000006], [350.625, 220.5, 61.525000000000006], [366.5, 220.5, 61.650000000000006], [303.0, 203.5, 61.150000000000006], [318.875, 203.5, 61.275000000000006], [334.75, 203.5, 61.400000000000006], [350.625, 203.5, 61.525000000000006], [366.5, 203.5, 61.650000000000006], [303.0, 186.5, 61.150000000000006], [318.875, 186.5, 61.275000000000006], [334.75, 186.5, 61.400000000000006], [350.625, 186.5, 61.525000000000006], [366.5, 186.5, 61.650000000000006]], "well_depths": [20, 20, 20, 20, 20, 20, 20, 20, 20, 20, 20, 20, 20, 20, 20, 20, 20, 20, 20, 20], "well_nicknames": ["A1", "A2", "A3", "A4", "A5", "B1", "B2", "B3", "B4", "B5", "C1", "C2", "C3", "C4", "C5", "D1", "D2", "D3", "D4", "D5"], "offset": 0}, {"model": "MicroPOTS_3.json", "grid": [3, 9], "well_locations": [[66.155, 282.30000000000007, 135.18178571428595], [70.655, 282.30000000000007, 135.16071428571453], [75.155, 282.30000000000007, 135.1396428571431], [79.655, 282.30000000000007, 135.11857142857167], [84.155, 282.30000000000007, 135.09750000000025], [88.655, 282.30000000000007, 135.0764285714288], [93.155, 282.30000000000007, 135.0553571428574], [97.655, 282.30000000000007, 135.03428571428594], [102.155, 282.30000000000007, 135.01321428571453], [66.155, 277.80000000000007, 135.19428571428588], [70.655, 277.80000000000007, 135.17321428571447], [75.155, 277.80000000000007, 135.15214285714302], [79.655, 277.80000000000007, 135.1310714285716], [84.155, 277.80000000000007, 135.11000000000018], [88.655, 277.80000000000007, 135.08892857142874], [93.155, 277.80000000000007, 135.06785714285732], [97.655, 277.80000000000007, 135.04678571428587], [102.155, 277.80000000000007, 135.02571428571446], [66.155, 273.30000000000007, 135.20678571428581], [70.655, 273.30000000000007, 135.1857142857144], [75.155, 273.30000000000007, 135.16464285714295], [79.655, 273.30000000000007, 135.14357142857153], [84.155, 273.30000000000007, 135.12250000000012], [88.655, 273.30000000000007, 135.10142857142867], [93.155, 273.30000000000007, 135.08035714285725], [97.655, 273.30000000000007, 135.0592857142858], [102.155, 273.30000000000007, 135.0382142857144]], "well_depths": [0, 0, 0, 0, 0, 0, 0, 0, 0, 0, 0, 0, 0, 0, 0, 0, 0, 0, 0, 0, 0, 0, 0, 0, 0, 0, 0], "well_nicknames": ["A1", "A2", "A3", "A4", "A5", "A6", "A7", "A8", "A9", "B1", "B2", "B3", "B4", "B5", "B6", "B7", "B8", "B9", "C1", "C2", "C3", "C4", "C5", "C6", "C7", "C8", "C9"], "offset": 0}]}