{"models": [{"model": "CUSTOM.json", "grid": [4, 5], "well_locations": [[301.5, 238.0, 57.650000000000006], [317.375, 238.0, 57.650000000000006], [333.25, 238.0, 57.650000000000006], [349.125, 238.0, 57.650000000000006], [365.0, 238.0, 57.650000000000006], [301.5, 220.83333333333334, 57.650000000000006], [317.375, 220.83333333333334, 57.650000000000006], [333.25, 220.83333333333334, 57.650000000000006], [349.125, 220.83333333333334, 57.650000000000006], [365.0, 220.83333333333334, 57.650000000000006], [301.5, 203.66666666666669, 57.650000000000006], [317.375, 203.66666666666669, 57.650000000000006], [333.25, 203.66666666666669, 57.650000000000006], [349.125, 203.66666666666669, 57.650000000000006], [365.0, 203.66666666666669, 57.650000000000006], [301.5, 186.50000000000003, 57.650000000000006], [317.375, 186.50000000000003, 57.650000000000006], [333.25, 186.50000000000003, 57.650000000000006], [349.125, 186.50000000000003, 57.650000000000006], [365.0, 186.50000000000003, 57.650000000000006]], "well_depths": [20, 20, 20, 20, 20, 20, 20, 20, 20, 20, 20, 20, 20, 20, 20, 20, 20, 20, 20, 20], "well_nicknames": ["A1", "A2", "A3", "A4", "A5", "B1", "B2", "B3", "B4", "B5", "C1", "C2", "C3", "C4", "C5", "D1", "D2", "D3", "D4", "D5"], "offset": 0}, {"model": "MicroPOTS_3.json", "grid": [3, 9], "well_locations": [[65.25000000000001, 282.9999999999999, 131.96500000000012], [69.75000000000001, 282.9999999999999, 131.96500000000012], [74.25000000000001, 282.9999999999999, 131.96500000000012], [78.75000000000001, 282.9999999999999, 131.96500000000012], [83.25000000000001, 282.9999999999999, 131.96500000000012], [87.75000000000001, 282.9999999999999, 131.96500000000012], [92.25000000000001, 282.9999999999999, 131.96500000000012], [96.75000000000001, 282.9999999999999, 131.96500000000012], [101.25000000000001, 282.9999999999999, 131.96500000000012], [65.25000000000001, 278.4999999999999, 131.96500000000012], [69.75000000000001, 278.4999999999999, 131.96500000000012], [74.25000000000001, 278.4999999999999, 131.96500000000012], [78.75000000000001, 278.4999999999999, 131.96500000000012], [83.25000000000001, 278.4999999999999, 131.96500000000012], [87.75000000000001, 278.4999999999999, 131.96500000000012], [92.25000000000001, 278.4999999999999, 131.96500000000012], [96.75000000000001, 278.4999999999999, 131.96500000000012], [101.25000000000001, 278.4999999999999, 131.96500000000012], [65.25000000000001, 273.9999999999999, 131.96500000000012], [69.75000000000001, 273.9999999999999, 131.96500000000012], [74.25000000000001, 273.9999999999999, 131.96500000000012], [78.75000000000001, 273.9999999999999, 131.96500000000012], [83.25000000000001, 273.9999999999999, 131.96500000000012], [87.75000000000001, 273.9999999999999, 131.96500000000012], [92.25000000000001, 273.9999999999999, 131.96500000000012], [96.75000000000001, 273.9999999999999, 131.96500000000012], [101.25000000000001, 273.9999999999999, 131.96500000000012]], "well_depths": [0, 0, 0, 0, 0, 0, 0, 0, 0, 0, 0, 0, 0, 0, 0, 0, 0, 0, 0, 0, 0, 0, 0, 0, 0, 0, 0], "well_nicknames": ["A1", "A2", "A3", "A4", "A5", "A6", "A7", "A8", "A9", "B1", "B2", "B3", "B4", "B5", "B6", "B7", "B8", "B9", "C1", "C2", "C3", "C4", "C5", "C6", "C7", "C8", "C9"], "offset": 0}]}