{"models": [{"model": "CUSTOM.json", "grid": [4, 5], "well_locations": [[302.55, 236.9999999999999, 65.45000000000007], [318.55, 236.9999999999999, 65.45000000000007], [334.55, 236.9999999999999, 65.45000000000007], [350.55, 236.9999999999999, 65.45000000000007], [366.55, 236.9999999999999, 65.45000000000007], [302.55, 219.83333333333323, 65.45000000000007], [318.55, 219.83333333333323, 65.45000000000007], [334.55, 219.83333333333323, 65.45000000000007], [350.55, 219.83333333333323, 65.45000000000007], [366.55, 219.83333333333323, 65.45000000000007], [302.55, 202.66666666666657, 65.45000000000007], [318.55, 202.66666666666657, 65.45000000000007], [334.55, 202.66666666666657, 65.45000000000007], [350.55, 202.66666666666657, 65.45000000000007], [366.55, 202.66666666666657, 65.45000000000007], [302.55, 185.49999999999991, 65.45000000000007], [318.55, 185.49999999999991, 65.45000000000007], [334.55, 185.49999999999991, 65.45000000000007], [350.55, 185.49999999999991, 65.45000000000007], [366.55, 185.49999999999991, 65.45000000000007]], "well_depths": [20, 20, 20, 20, 20, 20, 20, 20, 20, 20, 20, 20, 20, 20, 20, 20, 20, 20, 20, 20], "well_nicknames": ["A1", "A2", "A3", "A4", "A5", "B1", "B2", "B3", "B4", "B5", "C1", "C2", "C3", "C4", "C5", "D1", "D2", "D3", "D4", "D5"], "offset": 0}, {"model": "MicroPOTS_3.json", "grid": [3, 9], "well_locations": [[66.55000000000004, 282.5999999999999, 140.3], [71.05000000000004, 282.5999999999999, 140.3], [75.55000000000004, 282.5999999999999, 140.3], [80.05000000000004, 282.5999999999999, 140.3], [84.55000000000004, 282.5999999999999, 140.3], [89.05000000000004, 282.5999999999999, 140.3], [93.55000000000004, 282.5999999999999, 140.3], [98.05000000000004, 282.5999999999999, 140.3], [102.55000000000004, 282.5999999999999, 140.3], [66.55000000000004, 278.0999999999999, 140.3], [71.05000000000004, 278.0999999999999, 140.3], [75.55000000000004, 278.0999999999999, 140.3], [80.05000000000004, 278.0999999999999, 140.3], [84.55000000000004, 278.0999999999999, 140.3], [89.05000000000004, 278.0999999999999, 140.3], [93.55000000000004, 278.0999999999999, 140.3], [98.05000000000004, 278.0999999999999, 140.3], [102.55000000000004, 278.0999999999999, 140.3], [66.55000000000004, 273.5999999999999, 140.3], [71.05000000000004, 273.5999999999999, 140.3], [75.55000000000004, 273.5999999999999, 140.3], [80.05000000000004, 273.5999999999999, 140.3], [84.55000000000004, 273.5999999999999, 140.3], [89.05000000000004, 273.5999999999999, 140.3], [93.55000000000004, 273.5999999999999, 140.3], [98.05000000000004, 273.5999999999999, 140.3], [102.55000000000004, 273.5999999999999, 140.3]], "well_depths": [0, 0, 0, 0, 0, 0, 0, 0, 0, 0, 0, 0, 0, 0, 0, 0, 0, 0, 0, 0, 0, 0, 0, 0, 0, 0, 0], "well_nicknames": ["A1", "A2", "A3", "A4", "A5", "A6", "A7", "A8", "A9", "B1", "B2", "B3", "B4", "B5", "B6", "B7", "B8", "B9", "C1", "C2", "C3", "C4", "C5", "C6", "C7", "C8", "C9"], "offset": 0}]}