{"models": [{"model": "CUSTOM.json", "grid": [4, 5], "well_locations": [[302.0, 237.5, 64.15], [317.875, 237.5, 64.15], [333.75, 237.5, 64.15], [349.625, 237.5, 64.15], [365.5, 237.5, 64.15], [302.0, 220.33333333333334, 64.15], [317.875, 220.33333333333334, 64.15], [333.75, 220.33333333333334, 64.15], [349.625, 220.33333333333334, 64.15], [365.5, 220.33333333333334, 64.15], [302.0, 203.16666666666669, 64.15], [317.875, 203.16666666666669, 64.15], [333.75, 203.16666666666669, 64.15], [349.625, 203.16666666666669, 64.15], [365.5, 203.16666666666669, 64.15], [302.0, 186.00000000000003, 64.15], [317.875, 186.00000000000003, 64.15], [333.75, 186.00000000000003, 64.15], [349.625, 186.00000000000003, 64.15], [365.5, 186.00000000000003, 64.15]], "well_depths": [20, 20, 20, 20, 20, 20, 20, 20, 20, 20, 20, 20, 20, 20, 20, 20, 20, 20, 20, 20], "well_nicknames": ["A1", "A2", "A3", "A4", "A5", "B1", "B2", "B3", "B4", "B5", "C1", "C2", "C3", "C4", "C5", "D1", "D2", "D3", "D4", "D5"], "offset": 0}, {"model": "MicroPOTS_3.json", "grid": [3, 9], "well_locations": [[65.44999999999997, 282.8000000000002, 143.2500000000001], [69.94999999999997, 282.8000000000002, 143.2500000000001], [74.44999999999997, 282.8000000000002, 143.2500000000001], [78.94999999999997, 282.8000000000002, 143.2500000000001], [83.44999999999997, 282.8000000000002, 143.2500000000001], [87.94999999999997, 282.8000000000002, 143.2500000000001], [92.44999999999997, 282.8000000000002, 143.2500000000001], [96.94999999999997, 282.8000000000002, 143.2500000000001], [101.44999999999997, 282.8000000000002, 143.2500000000001], [65.44999999999997, 278.3000000000002, 143.2500000000001], [69.94999999999997, 278.3000000000002, 143.2500000000001], [74.44999999999997, 278.3000000000002, 143.2500000000001], [78.94999999999997, 278.3000000000002, 143.2500000000001], [83.44999999999997, 278.3000000000002, 143.2500000000001], [87.94999999999997, 278.3000000000002, 143.2500000000001], [92.44999999999997, 278.3000000000002, 143.2500000000001], [96.94999999999997, 278.3000000000002, 143.2500000000001], [101.44999999999997, 278.3000000000002, 143.2500000000001], [65.44999999999997, 273.8000000000002, 143.2500000000001], [69.94999999999997, 273.8000000000002, 143.2500000000001], [74.44999999999997, 273.8000000000002, 143.2500000000001], [78.94999999999997, 273.8000000000002, 143.2500000000001], [83.44999999999997, 273.8000000000002, 143.2500000000001], [87.94999999999997, 273.8000000000002, 143.2500000000001], [92.44999999999997, 273.8000000000002, 143.2500000000001], [96.94999999999997, 273.8000000000002, 143.2500000000001], [101.44999999999997, 273.8000000000002, 143.2500000000001]], "well_depths": [0, 0, 0, 0, 0, 0, 0, 0, 0, 0, 0, 0, 0, 0, 0, 0, 0, 0, 0, 0, 0, 0, 0, 0, 0, 0, 0], "well_nicknames": ["A1", "A2", "A3", "A4", "A5", "A6", "A7", "A8", "A9", "B1", "B2", "B3", "B4", "B5", "B6", "B7", "B8", "B9", "C1", "C2", "C3", "C4", "C5", "C6", "C7", "C8", "C9"], "offset": 0}, {"model": "MicroPOTS_3.json", "grid": [3, 9], "well_locations": [[69.2, 282.5, 143.25000000000006], [73.7, 282.5, 143.25000000000006], [78.2, 282.5, 143.25000000000006], [82.7, 282.5, 143.25000000000006], [87.2, 282.5, 143.25000000000006], [91.7, 282.5, 143.25000000000006], [96.2, 282.5, 143.25000000000006], [100.7, 282.5, 143.25000000000006], [105.2, 282.5, 143.25000000000006], [69.2, 278.0, 143.25000000000006], [73.7, 278.0, 143.25000000000006], [78.2, 278.0, 143.25000000000006], [82.7, 278.0, 143.25000000000006], [87.2, 278.0, 143.25000000000006], [91.7, 278.0, 143.25000000000006], [96.2, 278.0, 143.25000000000006], [100.7, 278.0, 143.25000000000006], [105.2, 278.0, 143.25000000000006], [69.2, 273.5, 143.25000000000006], [73.7, 273.5, 143.25000000000006], [78.2, 273.5, 143.25000000000006], [82.7, 273.5, 143.25000000000006], [87.2, 273.5, 143.25000000000006], [91.7, 273.5, 143.25000000000006], [96.2, 273.5, 143.25000000000006], [100.7, 273.5, 143.25000000000006], [105.2, 273.5, 143.25000000000006]], "well_depths": [0, 0, 0, 0, 0, 0, 0, 0, 0, 0, 0, 0, 0, 0, 0, 0, 0, 0, 0, 0, 0, 0, 0, 0, 0, 0, 0], "well_nicknames": ["A1", "A2", "A3", "A4", "A5", "A6", "A7", "A8", "A9", "B1", "B2", "B3", "B4", "B5", "B6", "B7", "B8", "B9", "C1", "C2", "C3", "C4", "C5", "C6", "C7", "C8", "C9"], "offset": 0}]}