{"models": [{"model": "CUSTOM.json", "grid": [4, 5], "well_locations": [[302.0, 236.0, 75.15], [318.125, 236.0, 75.15], [334.25, 236.0, 75.15], [350.375, 236.0, 75.15], [366.5, 236.0, 75.15], [302.0, 218.83333333333334, 75.15], [318.125, 218.83333333333334, 75.15], [334.25, 218.83333333333334, 75.15], [350.375, 218.83333333333334, 75.15], [366.5, 218.83333333333334, 75.15], [302.0, 201.66666666666669, 75.15], [318.125, 201.66666666666669, 75.15], [334.25, 201.66666666666669, 75.15], [350.375, 201.66666666666669, 75.15], [366.5, 201.66666666666669, 75.15], [302.0, 184.50000000000003, 75.15], [318.125, 184.50000000000003, 75.15], [334.25, 184.50000000000003, 75.15], [350.375, 184.50000000000003, 75.15], [366.5, 184.50000000000003, 75.15]], "well_depths": [20, 20, 20, 20, 20, 20, 20, 20, 20, 20, 20, 20, 20, 20, 20, 20, 20, 20, 20, 20], "well_nicknames": ["A1", "A2", "A3", "A4", "A5", "B1", "B2", "B3", "B4", "B5", "C1", "C2", "C3", "C4", "C5", "D1", "D2", "D3", "D4", "D5"], "offset": 0}, {"model": "MicroPOTS_3.json", "grid": [3, 9], "well_locations": [[67.00000000000001, 281.0, 150.40000000000003], [71.50000000000001, 281.0, 150.40000000000003], [76.00000000000001, 281.0, 150.40000000000003], [80.50000000000001, 281.0, 150.40000000000003], [85.00000000000001, 281.0, 150.40000000000003], [89.50000000000001, 281.0, 150.40000000000003], [94.00000000000001, 281.0, 150.40000000000003], [98.50000000000001, 281.0, 150.40000000000003], [103.00000000000001, 281.0, 150.40000000000003], [67.00000000000001, 276.5, 150.40000000000003], [71.50000000000001, 276.5, 150.40000000000003], [76.00000000000001, 276.5, 150.40000000000003], [80.50000000000001, 276.5, 150.40000000000003], [85.00000000000001, 276.5, 150.40000000000003], [89.50000000000001, 276.5, 150.40000000000003], [94.00000000000001, 276.5, 150.40000000000003], [98.50000000000001, 276.5, 150.40000000000003], [103.00000000000001, 276.5, 150.40000000000003], [67.00000000000001, 272.0, 150.40000000000003], [71.50000000000001, 272.0, 150.40000000000003], [76.00000000000001, 272.0, 150.40000000000003], [80.50000000000001, 272.0, 150.40000000000003], [85.00000000000001, 272.0, 150.40000000000003], [89.50000000000001, 272.0, 150.40000000000003], [94.00000000000001, 272.0, 150.40000000000003], [98.50000000000001, 272.0, 150.40000000000003], [103.00000000000001, 272.0, 150.40000000000003]], "well_depths": [0, 0, 0, 0, 0, 0, 0, 0, 0, 0, 0, 0, 0, 0, 0, 0, 0, 0, 0, 0, 0, 0, 0, 0, 0, 0, 0], "well_nicknames": ["A1", "A2", "A3", "A4", "A5", "A6", "A7", "A8", "A9", "B1", "B2", "B3", "B4", "B5", "B6", "B7", "B8", "B9", "C1", "C2", "C3", "C4", "C5", "C6", "C7", "C8", "C9"], "offset": 0}]}