{"chips": [],

 "plates": [
    {"model": "CUSTOM.json", "grid": [4, 5], "pot_locations": [[302.0, 146.0, 68.15], [318.0, 146.0, 68.15], [334.0, 146.0, 68.15], [350.0, 146.0, 68.15], [366.0, 146.0, 68.15], [302.0, 129.16666666666666, 68.15], [318.0, 129.16666666666666, 68.15], [334.0, 129.16666666666666, 68.15], [350.0, 129.16666666666666, 68.15], [366.0, 129.16666666666666, 68.15], [302.0, 112.33333333333333, 68.15], [318.0, 112.33333333333333, 68.15], [334.0, 112.33333333333333, 68.15], [350.0, 112.33333333333333, 68.15], [366.0, 112.33333333333333, 68.15], [302.0, 95.5, 68.15], [318.0, 95.5, 68.15], [334.0, 95.5, 68.15], [350.0, 95.5, 68.15], [366.0, 95.5, 68.15]], "pot_depths": [20, 20, 20, 20, 20, 20, 20, 20, 20, 20, 20, 20, 20, 20, 20, 20, 20, 20, 20, 20], "pot_nicknames": ["A1", "A2", "A3", "A4", "A5", "B1", "B2", "B3", "B4", "B5", "C1", "C2", "C3", "C4", "C5", "D1", "D2", "D3", "D4", "D5"]},
 
     {"model": "Chip_1.json", "grid": [3, 9], "pot_locations": [[66.66071428571428, 281.3214285714289, 145.2750000000001], [71.16428571428571, 281.3285714285717, 145.2750000000001], [75.66785714285714, 281.3357142857146, 145.2750000000001], [80.17142857142856, 281.34285714285744, 145.2750000000001], [84.675, 281.3500000000003, 145.2750000000001], [89.17857142857142, 281.3571428571432, 145.2750000000001], [93.68214285714285, 281.36428571428604, 145.2750000000001], [98.18571428571428, 281.3714285714289, 145.2750000000001], [102.68928571428572, 281.3785714285717, 
        145.2750000000001], [66.68571428571428, 276.8214285714289, 145.2750000000001], [71.18928571428572, 276.8285714285717, 145.2750000000001], [75.69285714285714, 276.8357142857146, 145.2750000000001], [80.19642857142857, 276.84285714285744, 145.2750000000001], [84.69999999999999, 276.8500000000003, 145.2750000000001], [89.20357142857142, 276.8571428571432, 145.2750000000001], [93.70714285714286, 276.86428571428604, 145.2750000000001], [98.21071428571427, 276.8714285714289, 145.2750000000001], [102.71428571428571, 276.8785714285717, 145.2750000000001], [66.71071428571427, 272.3214285714289, 145.2750000000001], [71.21428571428571, 272.3285714285717, 145.2750000000001], [75.71785714285713, 
        272.3357142857146, 145.2750000000001], [80.22142857142856, 272.34285714285744, 145.2750000000001], [84.725, 272.3500000000003, 145.2750000000001], [89.22857142857143, 272.3571428571432, 145.2750000000001], [93.73214285714285, 272.36428571428604, 145.2750000000001], [98.23571428571427, 272.3714285714289, 145.2750000000001], [102.7392857142857, 272.3785714285717, 145.2750000000001]], "pot_depths": [0, 0, 0, 0, 0, 0, 0, 0, 0, 0, 0, 0, 0, 0, 0, 0, 0, 0, 0, 0, 0, 0, 0, 0, 0, 0, 0], "pot_nicknames": ["A1", "A2", "A3", "A4", "A5", "A6", "A7", "A8", "A9", "B1", "B2", "B3", "B4", "B5", "B6", "B7", "B8", "B9", "C1", "C2", "C3", "C4", "C5", "C6", "C7", "C8", "C9"]}
 ]}