{"models": [{"model": "CUSTOM.json", "grid": [4, 5], "well_locations": [[301.0, 237.0, 63.150000000000006], [317.0, 237.0, 62.900000000000006], [333.0, 237.0, 62.650000000000006], [349.0, 237.0, 62.400000000000006], [365.0, 237.0, 62.150000000000006], [301.0, 219.83333333333334, 63.150000000000006], [317.0, 219.83333333333334, 62.900000000000006], [333.0, 219.83333333333334, 62.650000000000006], [349.0, 219.83333333333334, 62.400000000000006], [365.0, 219.83333333333334, 62.150000000000006], [301.0, 202.66666666666669, 63.150000000000006], [317.0, 202.66666666666669, 62.900000000000006], [333.0, 202.66666666666669, 62.650000000000006], [349.0, 202.66666666666669, 62.400000000000006], [365.0, 202.66666666666669, 62.150000000000006], [301.0, 185.50000000000003, 63.150000000000006], [317.0, 185.50000000000003, 62.900000000000006], [333.0, 185.50000000000003, 62.650000000000006], [349.0, 185.50000000000003, 62.400000000000006], [365.0, 185.50000000000003, 62.150000000000006]], "well_depths": [20, 20, 20, 20, 20, 20, 20, 20, 20, 20, 20, 20, 20, 20, 20, 20, 20, 20, 20, 20], "well_nicknames": ["A1", "A2", "A3", "A4", "A5", "B1", "B2", "B3", "B4", "B5", "C1", "C2", "C3", "C4", "C5", "D1", "D2", "D3", "D4", "D5"], "offset": 0}, {"model": "MicroPOTS_3.json", "grid": [3, 9], "well_locations": [[65.20000000000002, 281.19999999999993, 138.45000000000007], [69.70000000000002, 281.19999999999993, 138.45000000000007], [74.20000000000002, 281.19999999999993, 138.45000000000007], [78.70000000000002, 281.19999999999993, 138.45000000000007], [83.20000000000002, 281.19999999999993, 138.45000000000007], [87.70000000000002, 281.19999999999993, 138.45000000000007], [92.20000000000002, 281.19999999999993, 138.45000000000007], [96.70000000000002, 281.19999999999993, 138.45000000000007], [101.20000000000002, 281.19999999999993, 138.45000000000007], [65.20000000000002, 276.69999999999993, 138.45000000000007], [69.70000000000002, 276.69999999999993, 138.45000000000007], [74.20000000000002, 276.69999999999993, 138.45000000000007], [78.70000000000002, 276.69999999999993, 138.45000000000007], [83.20000000000002, 276.69999999999993, 138.45000000000007], [87.70000000000002, 276.69999999999993, 138.45000000000007], [92.20000000000002, 276.69999999999993, 138.45000000000007], [96.70000000000002, 276.69999999999993, 138.45000000000007], [101.20000000000002, 276.69999999999993, 138.45000000000007], [65.20000000000002, 272.19999999999993, 138.45000000000007], [69.70000000000002, 272.19999999999993, 138.45000000000007], [74.20000000000002, 272.19999999999993, 138.45000000000007], [78.70000000000002, 272.19999999999993, 138.45000000000007], [83.20000000000002, 272.19999999999993, 138.45000000000007], [87.70000000000002, 272.19999999999993, 138.45000000000007], [92.20000000000002, 272.19999999999993, 138.45000000000007], [96.70000000000002, 272.19999999999993, 138.45000000000007], [101.20000000000002, 272.19999999999993, 138.45000000000007]], "well_depths": [0, 0, 0, 0, 0, 0, 0, 0, 0, 0, 0, 0, 0, 0, 0, 0, 0, 0, 0, 0, 0, 0, 0, 0, 0, 0, 0], "well_nicknames": ["A1", "A2", "A3", "A4", "A5", "A6", "A7", "A8", "A9", "B1", "B2", "B3", "B4", "B5", "B6", "B7", "B8", "B9", "C1", "C2", "C3", "C4", "C5", "C6", "C7", "C8", "C9"], "offset": 0}]}