{"models": [{"model": "CUSTOM.json", "grid": [4, 5], "well_locations": [[302.0, 237.5, 64.15], [317.875, 237.5, 64.15], [333.75, 237.5, 64.15], [349.625, 237.5, 64.15], [365.5, 237.5, 64.15], [302.0, 220.33333333333334, 64.15], [317.875, 220.33333333333334, 64.15], [333.75, 220.33333333333334, 64.15], [349.625, 220.33333333333334, 64.15], [365.5, 220.33333333333334, 64.15], [302.0, 203.16666666666669, 64.15], [317.875, 203.16666666666669, 64.15], [333.75, 203.16666666666669, 64.15], [349.625, 203.16666666666669, 64.15], [365.5, 203.16666666666669, 64.15], [302.0, 186.00000000000003, 64.15], [317.875, 186.00000000000003, 64.15], [333.75, 186.00000000000003, 64.15], [349.625, 186.00000000000003, 64.15], [365.5, 186.00000000000003, 64.15]], "well_depths": [20, 20, 20, 20, 20, 20, 20, 20, 20, 20, 20, 20, 20, 20, 20, 20, 20, 20, 20, 20], "well_nicknames": ["A1", "A2", "A3", "A4", "A5", "B1", "B2", "B3", "B4", "B5", "C1", "C2", "C3", "C4", "C5", "D1", "D2", "D3", "D4", "D5"], "offset": 0}, {"model": "MicroPOTS_3.json", "grid": [3, 9], "well_locations": [[69.25000000000004, 282.8, 143.10000000000002], [73.75000000000004, 282.8, 143.10000000000002], [78.25000000000004, 282.8, 143.10000000000002], [82.75000000000004, 282.8, 143.10000000000002], [87.25000000000004, 282.8, 143.10000000000002], [91.75000000000004, 282.8, 143.10000000000002], [96.25000000000004, 282.8, 143.10000000000002], [100.75000000000004, 282.8, 143.10000000000002], [105.25000000000004, 282.8, 143.10000000000002], [69.25000000000004, 278.3, 143.10000000000002], [73.75000000000004, 278.3, 143.10000000000002], [78.25000000000004, 278.3, 143.10000000000002], [82.75000000000004, 278.3, 143.10000000000002], [87.25000000000004, 278.3, 143.10000000000002], [91.75000000000004, 278.3, 143.10000000000002], [96.25000000000004, 278.3, 143.10000000000002], [100.75000000000004, 278.3, 143.10000000000002], [105.25000000000004, 278.3, 143.10000000000002], [69.25000000000004, 273.8, 143.10000000000002], [73.75000000000004, 273.8, 143.10000000000002], [78.25000000000004, 273.8, 143.10000000000002], [82.75000000000004, 273.8, 143.10000000000002], [87.25000000000004, 273.8, 143.10000000000002], [91.75000000000004, 273.8, 143.10000000000002], [96.25000000000004, 273.8, 143.10000000000002], [100.75000000000004, 273.8, 143.10000000000002], [105.25000000000004, 273.8, 143.10000000000002]], "well_depths": [0, 0, 0, 0, 0, 0, 0, 0, 0, 0, 0, 0, 0, 0, 0, 0, 0, 0, 0, 0, 0, 0, 0, 0, 0, 0, 0], "well_nicknames": ["A1", "A2", "A3", "A4", "A5", "A6", "A7", "A8", "A9", "B1", "B2", "B3", "B4", "B5", "B6", "B7", "B8", "B9", "C1", "C2", "C3", "C4", "C5", "C6", "C7", "C8", "C9"], "offset": 0}]}