{"models": [{"model": "CUSTOM.json", "grid": [4, 5], "well_locations": [[301.15, 146.3, 74.65], [317.15, 146.3, 74.65], [333.15, 146.3, 74.65], [349.15, 146.3, 74.65], [365.15, 146.3, 74.65], [301.31666666666666, 129.13333333333335, 74.65], [317.31666666666666, 129.13333333333335, 74.65], [333.31666666666666, 129.13333333333335, 74.65], [349.31666666666666, 129.13333333333335, 74.65], [365.31666666666666, 129.13333333333335, 74.65], [301.48333333333335, 111.96666666666668, 74.65], [317.48333333333335, 111.96666666666668, 74.65], [333.48333333333335, 111.96666666666668, 74.65], [349.48333333333335, 111.96666666666668, 74.65], [365.48333333333335, 111.96666666666668, 74.65], [301.65000000000003, 94.80000000000001, 74.65], [317.65000000000003, 94.80000000000001, 74.65], [333.65000000000003, 94.80000000000001, 74.65], [349.65000000000003, 94.80000000000001, 74.65], [365.65000000000003, 94.80000000000001, 74.65]], "well_depths": [20, 20, 20, 20, 20, 20, 20, 20, 20, 20, 20, 20, 20, 20, 20, 20, 20, 20, 20, 20], "well_nicknames": ["A1", "A2", "A3", "A4", "A5", "B1", "B2", "B3", "B4", "B5", "C1", "C2", "C3", "C4", "C5", "D1", "D2", "D3", "D4", "D5"], "offset": 0}, {"model": "MicroPOTS_3.json", "grid": [3, 9], "well_locations": [[65.5, 280.1642857142856, 151.1392857142857], [70.0, 280.18571428571414, 151.1357142857143], [74.5, 280.20714285714274, 151.13214285714287], [79.0, 280.2285714285713, 151.12857142857143], [83.5, 280.2499999999999, 151.125], [88.0, 280.2714285714285, 151.12142857142857], [92.5, 280.29285714285703, 151.11785714285713], [97.0, 280.31428571428563, 151.1142857142857], [101.5, 280.3357142857142, 151.1107142857143], [65.52499999999999, 275.6642857142856, 151.1392857142857], [70.02499999999999, 275.68571428571414, 151.1357142857143], [74.52499999999999, 275.70714285714274, 151.13214285714287], [79.025, 275.7285714285713, 151.12857142857143], [83.525, 275.7499999999999, 151.125], [88.025, 275.7714285714285, 151.12142857142857], [92.525, 275.79285714285703, 151.11785714285713], [97.025, 275.81428571428563, 151.1142857142857], [101.525, 275.8357142857142, 151.1107142857143], [65.55, 271.1642857142856, 151.1392857142857], [70.05, 271.18571428571414, 151.1357142857143], [74.55, 271.20714285714274, 151.13214285714287], [79.05, 271.2285714285713, 151.12857142857143], [83.55, 271.2499999999999, 151.125], [88.05, 271.2714285714285, 151.12142857142857], [92.55, 271.29285714285703, 151.11785714285713], [97.05, 271.31428571428563, 151.1142857142857], [101.55, 271.3357142857142, 151.1107142857143]], "well_depths": [0, 0, 0, 0, 0, 0, 0, 0, 0, 0, 0, 0, 0, 0, 0, 0, 0, 0, 0, 0, 0, 0, 0, 0, 0, 0, 0], "well_nicknames": ["A1", "A2", "A3", "A4", "A5", "A6", "A7", "A8", "A9", "B1", "B2", "B3", "B4", "B5", "B6", "B7", "B8", "B9", "C1", "C2", "C3", "C4", "C5", "C6", "C7", "C8", "C9"], "offset": 0}]}