{"models": [{"model": "CUSTOM.json", "grid": [4, 5], "well_locations": [[301.5, 146.0, 68.5], [317.125, 146.0, 68.5], [332.75, 146.0, 68.5], [348.375, 146.0, 68.5], [364.0, 146.0, 68.5], [301.5, 128.83333333333334, 68.5], [317.125, 128.83333333333334, 68.5], [332.75, 128.83333333333334, 68.5], [348.375, 128.83333333333334, 68.5], [364.0, 128.83333333333334, 68.5], [301.5, 111.66666666666667, 68.5], [317.125, 111.66666666666667, 68.5], [332.75, 111.66666666666667, 68.5], [348.375, 111.66666666666667, 68.5], [364.0, 111.66666666666667, 68.5], [301.5, 94.5, 68.5], [317.125, 94.5, 68.5], [332.75, 94.5, 68.5], [348.375, 94.5, 68.5], [364.0, 94.5, 68.5]], "well_depths": [20, 20, 20, 20, 20, 20, 20, 20, 20, 20, 20, 20, 20, 20, 20, 20, 20, 20, 20, 20], "well_nicknames": ["A1", "A2", "A3", "A4", "A5", "B1", "B2", "B3", "B4", "B5", "C1", "C2", "C3", "C4", "C5", "D1", "D2", "D3", "D4", "D5"], "offset": 0}, {"model": "MicroPOTS_3.json", "grid": [3, 9], "well_locations": [[65.67428571428573, 280.25000000000006, 144.75], [70.1707142857143, 280.25000000000006, 144.75], [74.66714285714288, 280.25000000000006, 144.75], [79.16357142857144, 280.25000000000006, 144.75], [83.66000000000003, 280.25000000000006, 144.75], [88.15642857142859, 280.25000000000006, 144.75], [92.65285714285716, 280.25000000000006, 144.75], [97.14928571428574, 280.25000000000006, 144.75], [101.6457142857143, 280.25000000000006, 144.75], [65.67428571428573, 275.75000000000006, 144.75], [70.1707142857143, 275.75000000000006, 144.75], [74.66714285714288, 275.75000000000006, 144.75], [79.16357142857144, 275.75000000000006, 144.75], [83.66000000000003, 275.75000000000006, 144.75], [88.15642857142859, 275.75000000000006, 144.75], [92.65285714285716, 275.75000000000006, 144.75], [97.14928571428574, 275.75000000000006, 144.75], [101.6457142857143, 275.75000000000006, 144.75], [65.67428571428573, 271.25000000000006, 144.75], [70.1707142857143, 271.25000000000006, 144.75], [74.66714285714288, 271.25000000000006, 144.75], [79.16357142857144, 271.25000000000006, 144.75], [83.66000000000003, 271.25000000000006, 144.75], [88.15642857142859, 271.25000000000006, 144.75], [92.65285714285716, 271.25000000000006, 144.75], [97.14928571428574, 271.25000000000006, 144.75], [101.6457142857143, 271.25000000000006, 144.75]], "well_depths": [0, 0, 0, 0, 0, 0, 0, 0, 0, 0, 0, 0, 0, 0, 0, 0, 0, 0, 0, 0, 0, 0, 0, 0, 0, 0, 0], "well_nicknames": ["A1", "A2", "A3", "A4", "A5", "A6", "A7", "A8", "A9", "B1", "B2", "B3", "B4", "B5", "B6", "B7", "B8", "B9", "C1", "C2", "C3", "C4", "C5", "C6", "C7", "C8", "C9"], "offset": 0}]}