{"chips": [{"model": "MicroPOTS_3", "grid": [3, 9], "well_locations": [[71.0499829932294, 302.4785714555663, 134.5], [75.54997732430589, 302.47142860742173, 134.5], [80.04997165538235, 302.4642857592772, 134.5], [84.54996598645883, 302.4571429111326, 134.5], [89.0499603175353, 302.450000062988, 134.5], [93.54995464861176, 302.44285721484346, 134.5], [98.04994897968824, 302.4357143666989, 134.5], [102.54994331076472, 302.42857151855435, 134.5], [107.04993764184118, 302.42142867040974, 134.5], [71.0499829932294, 297.9785714555663, 134.5], [75.54997732430589, 297.97142860742173, 134.5], [80.04997165538235, 297.9642857592772, 134.5], [84.54996598645883, 297.9571429111326, 134.5], [89.0499603175353, 297.950000062988, 134.5], [93.54995464861176, 297.94285721484346, 134.5], [98.04994897968824, 297.9357143666989, 134.5], [102.54994331076472, 297.92857151855435, 134.5], [107.04993764184118, 297.92142867040974, 134.5], [71.0499829932294, 293.4785714555663, 134.5], [75.54997732430589, 293.47142860742173, 134.5], [80.04997165538235, 293.4642857592772, 134.5], [84.54996598645883, 293.4571429111326, 134.5], [89.0499603175353, 293.450000062988, 134.5], [93.54995464861176, 293.44285721484346, 134.5], [98.04994897968824, 293.4357143666989, 134.5], [102.54994331076472, 293.42857151855435, 134.5], [107.04993764184118, 293.42142867040974, 134.5]], "well_types": ["B", "B", "B", "B", "B", "B", "B", "B", "B", "B", "B", "B", "B", "B", "B", "B", "B", "B", "B", "B", "B", "B", "B", "B", "B", "B", "B"], "well_nicknames": ["A1", "A2", "A3", "A4", "A5", "A6", "A7", "A8", "A9", "B1", "B2", "B3", "B4", "B5", "B6", "B7", "B8", "B9", "C1", "C2", "C3", "C4", "C5", "C6", "C7", "C8", "C9"]}], "plates": [{"model": "CORNING_384", "grid": [16, 24], "pot_locations": [[170.0, 157.5, 31.5], [174.5, 157.5, 31.5], [179.0, 157.5, 31.5], [183.5, 157.5, 31.5], [188.0, 157.5, 31.5], [192.5, 157.5, 31.5], [197.0, 157.5, 31.5], [201.5, 157.5, 31.5], [206.0, 157.5, 31.5], [210.5, 157.5, 31.5], [215.0, 157.5, 31.5], [219.5, 157.5, 31.5], [224.0, 157.5, 31.5], [228.5, 157.5, 31.5], [233.0, 157.5, 31.5], [237.5, 157.5, 31.5], [242.0, 157.5, 31.5], [246.5, 157.5, 31.5], [251.0, 157.5, 31.5], [255.5, 157.5, 31.5], [260.0, 157.5, 31.5], [264.5, 157.5, 31.5], [269.0, 157.5, 31.5], [273.5, 157.5, 31.5], [170.0, 153.0, 31.5], [174.5, 153.0, 31.5], [179.0, 153.0, 31.5], [183.5, 153.0, 31.5], [188.0, 153.0, 31.5], [192.5, 153.0, 31.5], [197.0, 153.0, 31.5], [201.5, 153.0, 31.5], [206.0, 153.0, 31.5], [210.5, 153.0, 31.5], [215.0, 153.0, 31.5], [219.5, 153.0, 31.5], [224.0, 153.0, 31.5], [228.5, 153.0, 31.5], [233.0, 153.0, 31.5], [237.5, 153.0, 31.5], [242.0, 153.0, 31.5], [246.5, 153.0, 31.5], [251.0, 153.0, 31.5], [255.5, 153.0, 31.5], [260.0, 153.0, 31.5], [264.5, 153.0, 31.5], [269.0, 153.0, 31.5], [273.5, 153.0, 31.5], [170.0, 148.5, 31.5], [174.5, 148.5, 31.5], [179.0, 148.5, 31.5], [183.5, 148.5, 31.5], [188.0, 148.5, 31.5], [192.5, 148.5, 31.5], [197.0, 148.5, 31.5], [201.5, 148.5, 31.5], [206.0, 148.5, 31.5], [210.5, 148.5, 31.5], [215.0, 148.5, 31.5], [219.5, 148.5, 31.5], [224.0, 148.5, 31.5], [228.5, 148.5, 31.5], [233.0, 148.5, 31.5], [237.5, 148.5, 31.5], [242.0, 148.5, 31.5], [246.5, 148.5, 31.5], [251.0, 148.5, 31.5], [255.5, 148.5, 31.5], [260.0, 148.5, 31.5], [264.5, 148.5, 31.5], [269.0, 148.5, 31.5], [273.5, 148.5, 31.5], [170.0, 144.0, 31.5], [174.5, 144.0, 31.5], [179.0, 144.0, 31.5], [183.5, 144.0, 31.5], [188.0, 144.0, 31.5], [192.5, 144.0, 31.5], [197.0, 144.0, 31.5], [201.5, 144.0, 31.5], [206.0, 144.0, 31.5], [210.5, 144.0, 31.5], [215.0, 144.0, 31.5], [219.5, 144.0, 31.5], [224.0, 144.0, 31.5], [228.5, 144.0, 31.5], [233.0, 144.0, 31.5], [237.5, 144.0, 31.5], [242.0, 144.0, 31.5], [246.5, 144.0, 31.5], [251.0, 144.0, 31.5], [255.5, 144.0, 31.5], [260.0, 144.0, 31.5], [264.5, 144.0, 31.5], [269.0, 144.0, 31.5], [273.5, 144.0, 31.5], [170.0, 139.5, 31.5], [174.5, 139.5, 31.5], [179.0, 139.5, 31.5], [183.5, 139.5, 31.5], [188.0, 139.5, 31.5], [192.5, 139.5, 31.5], [197.0, 139.5, 31.5], [201.5, 139.5, 31.5], [206.0, 139.5, 31.5], [210.5, 139.5, 31.5], [215.0, 139.5, 31.5], [219.5, 139.5, 31.5], [224.0, 139.5, 31.5], [228.5, 139.5, 31.5], [233.0, 139.5, 31.5], [237.5, 139.5, 31.5], [242.0, 139.5, 31.5], [246.5, 139.5, 31.5], [251.0, 139.5, 31.5], [255.5, 139.5, 31.5], [260.0, 139.5, 31.5], [264.5, 139.5, 31.5], [269.0, 139.5, 31.5], [273.5, 139.5, 31.5], [170.0, 135.0, 31.5], [174.5, 135.0, 31.5], [179.0, 135.0, 31.5], [183.5, 135.0, 31.5], [188.0, 135.0, 31.5], [192.5, 135.0, 31.5], [197.0, 135.0, 31.5], [201.5, 135.0, 31.5], [206.0, 135.0, 31.5], [210.5, 135.0, 31.5], [215.0, 135.0, 31.5], [219.5, 135.0, 31.5], [224.0, 135.0, 31.5], [228.5, 135.0, 31.5], [233.0, 135.0, 31.5], [237.5, 135.0, 31.5], [242.0, 135.0, 31.5], [246.5, 135.0, 31.5], [251.0, 135.0, 31.5], [255.5, 135.0, 31.5], [260.0, 135.0, 31.5], [264.5, 135.0, 31.5], [269.0, 135.0, 31.5], [273.5, 135.0, 31.5], [170.0, 130.5, 31.5], [174.5, 130.5, 31.5], [179.0, 130.5, 31.5], [183.5, 130.5, 31.5], [188.0, 130.5, 31.5], [192.5, 130.5, 31.5], [197.0, 130.5, 31.5], [201.5, 130.5, 31.5], [206.0, 130.5, 31.5], [210.5, 130.5, 31.5], [215.0, 130.5, 31.5], [219.5, 130.5, 31.5], [224.0, 130.5, 31.5], [228.5, 130.5, 31.5], [233.0, 130.5, 31.5], [237.5, 130.5, 31.5], [242.0, 130.5, 31.5], [246.5, 130.5, 31.5], [251.0, 130.5, 31.5], [255.5, 130.5, 31.5], [260.0, 130.5, 31.5], [264.5, 130.5, 31.5], [269.0, 130.5, 31.5], [273.5, 130.5, 31.5], [170.0, 126.0, 31.5], [174.5, 126.0, 31.5], [179.0, 126.0, 31.5], [183.5, 126.0, 31.5], [188.0, 126.0, 31.5], [192.5, 126.0, 31.5], [197.0, 126.0, 31.5], [201.5, 126.0, 31.5], [206.0, 126.0, 31.5], [210.5, 126.0, 31.5], [215.0, 126.0, 31.5], [219.5, 126.0, 31.5], [224.0, 126.0, 31.5], [228.5, 126.0, 31.5], [233.0, 126.0, 31.5], [237.5, 126.0, 31.5], [242.0, 126.0, 31.5], [246.5, 126.0, 31.5], [251.0, 126.0, 31.5], [255.5, 126.0, 31.5], [260.0, 126.0, 31.5], [264.5, 126.0, 31.5], [269.0, 126.0, 31.5], [273.5, 126.0, 31.5], [170.0, 121.5, 31.5], [174.5, 121.5, 31.5], [179.0, 121.5, 31.5], [183.5, 121.5, 31.5], [188.0, 121.5, 31.5], [192.5, 121.5, 31.5], [197.0, 121.5, 31.5], [201.5, 121.5, 31.5], [206.0, 121.5, 31.5], [210.5, 121.5, 31.5], [215.0, 121.5, 31.5], [219.5, 121.5, 31.5], [224.0, 121.5, 31.5], [228.5, 121.5, 31.5], [233.0, 121.5, 31.5], [237.5, 121.5, 31.5], [242.0, 121.5, 31.5], [246.5, 121.5, 31.5], [251.0, 121.5, 31.5], [255.5, 121.5, 31.5], [260.0, 121.5, 31.5], [264.5, 121.5, 31.5], [269.0, 121.5, 31.5], [273.5, 121.5, 31.5], [170.0, 117.0, 31.5], [174.5, 117.0, 31.5], [179.0, 117.0, 31.5], [183.5, 117.0, 31.5], [188.0, 117.0, 31.5], [192.5, 117.0, 31.5], [197.0, 117.0, 31.5], [201.5, 117.0, 31.5], [206.0, 117.0, 31.5], [210.5, 117.0, 31.5], [215.0, 117.0, 31.5], [219.5, 117.0, 31.5], [224.0, 117.0, 31.5], [228.5, 117.0, 31.5], [233.0, 117.0, 31.5], [237.5, 117.0, 31.5], [242.0, 117.0, 31.5], [246.5, 117.0, 31.5], [251.0, 117.0, 31.5], [255.5, 117.0, 31.5], [260.0, 117.0, 31.5], [264.5, 117.0, 31.5], [269.0, 117.0, 31.5], [273.5, 117.0, 31.5], [170.0, 112.5, 31.5], [174.5, 112.5, 31.5], [179.0, 112.5, 31.5], [183.5, 112.5, 31.5], [188.0, 112.5, 31.5], [192.5, 112.5, 31.5], [197.0, 112.5, 31.5], [201.5, 112.5, 31.5], [206.0, 112.5, 31.5], [210.5, 112.5, 31.5], [215.0, 112.5, 31.5], [219.5, 112.5, 31.5], [224.0, 112.5, 31.5], [228.5, 112.5, 31.5], [233.0, 112.5, 31.5], [237.5, 112.5, 31.5], [242.0, 112.5, 31.5], [246.5, 112.5, 31.5], [251.0, 112.5, 31.5], [255.5, 112.5, 31.5], [260.0, 112.5, 31.5], [264.5, 112.5, 31.5], [269.0, 112.5, 31.5], [273.5, 112.5, 31.5], [170.0, 108.0, 31.5], [174.5, 108.0, 31.5], [179.0, 108.0, 31.5], [183.5, 108.0, 31.5], [188.0, 108.0, 31.5], [192.5, 108.0, 31.5], [197.0, 108.0, 31.5], [201.5, 108.0, 31.5], [206.0, 108.0, 31.5], [210.5, 108.0, 31.5], [215.0, 108.0, 31.5], [219.5, 108.0, 31.5], [224.0, 108.0, 31.5], [228.5, 108.0, 31.5], [233.0, 108.0, 31.5], [237.5, 108.0, 31.5], [242.0, 108.0, 31.5], [246.5, 108.0, 31.5], [251.0, 108.0, 31.5], [255.5, 108.0, 