{"models": [{"model": "CUSTOM.json", "grid": [4, 5], "well_locations": [[300.0, 145.5, 75.5], [316.25, 145.75, 75.5], [332.5, 146.0, 75.5], [348.75, 146.25, 75.5], [365.0, 146.5, 75.5], [300.3333333333333, 128.33333333333334, 75.5], [316.5833333333333, 128.58333333333334, 75.5], [332.8333333333333, 128.83333333333334, 75.5], [349.0833333333333, 129.08333333333334, 75.5], [365.3333333333333, 129.33333333333334, 75.5], [300.66666666666663, 111.16666666666667, 75.5], [316.91666666666663, 111.41666666666667, 75.5], [333.16666666666663, 111.66666666666667, 75.5], [349.41666666666663, 111.91666666666667, 75.5], [365.66666666666663, 112.16666666666667, 75.5], [300.99999999999994, 94.0, 75.5], [317.24999999999994, 94.25, 75.5], [333.49999999999994, 94.5, 75.5], [349.74999999999994, 94.75, 75.5], [365.99999999999994, 95.0, 75.5]], "well_depths": [20, 20, 20, 20, 20, 20, 20, 20, 20, 20, 20, 20, 20, 20, 20, 20, 20, 20, 20, 20], "well_nicknames": ["A1", "A2", "A3", "A4", "A5", "B1", "B2", "B3", "B4", "B5", "C1", "C2", "C3", "C4", "C5", "D1", "D2", "D3", "D4", "D5"], "offset": 0}, {"model": "MicroPOTS_3.json", "grid": [3, 9], "well_locations": [[65.67428571428573, 280.25000000000006, 144.75], [70.1707142857143, 280.25000000000006, 144.75], [74.66714285714288, 280.25000000000006, 144.75], [79.16357142857144, 280.25000000000006, 144.75], [83.66000000000003, 280.25000000000006, 144.75], [88.15642857142859, 280.25000000000006, 144.75], [92.65285714285716, 280.25000000000006, 144.75], [97.14928571428574, 280.25000000000006, 144.75], [101.6457142857143, 280.25000000000006, 144.75], [65.67428571428573, 275.75000000000006, 144.75], [70.1707142857143, 275.75000000000006, 144.75], [74.66714285714288, 275.75000000000006, 144.75], [79.16357142857144, 275.75000000000006, 144.75], [83.66000000000003, 275.75000000000006, 144.75], [88.15642857142859, 275.75000000000006, 144.75], [92.65285714285716, 275.75000000000006, 144.75], [97.14928571428574, 275.75000000000006, 144.75], [101.6457142857143, 275.75000000000006, 144.75], [65.67428571428573, 271.25000000000006, 144.75], [70.1707142857143, 271.25000000000006, 144.75], [74.66714285714288, 271.25000000000006, 144.75], [79.16357142857144, 271.25000000000006, 144.75], [83.66000000000003, 271.25000000000006, 144.75], [88.15642857142859, 271.25000000000006, 144.75], [92.65285714285716, 271.25000000000006, 144.75], [97.14928571428574, 271.25000000000006, 144.75], [101.6457142857143, 271.25000000000006, 144.75]], "well_depths": [0, 0, 0, 0, 0, 0, 0, 0, 0, 0, 0, 0, 0, 0, 0, 0, 0, 0, 0, 0, 0, 0, 0, 0, 0, 0, 0], "well_nicknames": ["A1", "A2", "A3", "A4", "A5", "A6", "A7", "A8", "A9", "B1", "B2", "B3", "B4", "B5", "B6", "B7", "B8", "B9", "C1", "C2", "C3", "C4", "C5", "C6", "C7", "C8", "C9"], "offset": 0}]}