{"models": [{"model": "CUSTOM.json", "grid": [4, 5], "well_locations": [[302.0, 237.5, 64.15], [317.875, 237.5, 64.15], [333.75, 237.5, 64.15], [349.625, 237.5, 64.15], [365.5, 237.5, 64.15], [302.0, 220.33333333333334, 64.15], [317.875, 220.33333333333334, 64.15], [333.75, 220.33333333333334, 64.15], [349.625, 220.33333333333334, 64.15], [365.5, 220.33333333333334, 64.15], [302.0, 203.16666666666669, 64.15], [317.875, 203.16666666666669, 64.15], [333.75, 203.16666666666669, 64.15], [349.625, 203.16666666666669, 64.15], [365.5, 203.16666666666669, 64.15], [302.0, 186.00000000000003, 64.15], [317.875, 186.00000000000003, 64.15], [333.75, 186.00000000000003, 64.15], [349.625, 186.00000000000003, 64.15], [365.5, 186.00000000000003, 64.15]], "well_depths": [20, 20, 20, 20, 20, 20, 20, 20, 20, 20, 20, 20, 20, 20, 20, 20, 20, 20, 20, 20], "well_nicknames": ["A1", "A2", "A3", "A4", "A5", "B1", "B2", "B3", "B4", "B5", "C1", "C2", "C3", "C4", "C5", "D1", "D2", "D3", "D4", "D5"], "offset": 0}, {"model": "MicroPOTS_3.json", "grid": [3, 9], "well_locations": [[64.94999999999999, 280.70000000000005, 140.30000000000007], [69.44999999999999, 280.70000000000005, 140.30000000000007], [73.94999999999999, 280.70000000000005, 140.30000000000007], [78.44999999999999, 280.70000000000005, 140.30000000000007], [82.94999999999999, 280.70000000000005, 140.30000000000007], [87.44999999999999, 280.70000000000005, 140.30000000000007], [91.94999999999999, 280.70000000000005, 140.30000000000007], [96.44999999999999, 280.70000000000005, 140.30000000000007], [100.94999999999999, 280.70000000000005, 140.30000000000007], [64.94999999999999, 276.20000000000005, 140.30000000000007], [69.44999999999999, 276.20000000000005, 140.30000000000007], [73.94999999999999, 276.20000000000005, 140.30000000000007], [78.44999999999999, 276.20000000000005, 140.30000000000007], [82.94999999999999, 276.20000000000005, 140.30000000000007], [87.44999999999999, 276.20000000000005, 140.30000000000007], [91.94999999999999, 276.20000000000005, 140.30000000000007], [96.44999999999999, 276.20000000000005, 140.30000000000007], [100.94999999999999, 276.20000000000005, 140.30000000000007], [64.94999999999999, 271.70000000000005, 140.30000000000007], [69.44999999999999, 271.70000000000005, 140.30000000000007], [73.94999999999999, 271.70000000000005, 140.30000000000007], [78.44999999999999, 271.70000000000005, 140.30000000000007], [82.94999999999999, 271.70000000000005, 140.30000000000007], [87.44999999999999, 271.70000000000005, 140.30000000000007], [91.94999999999999, 271.70000000000005, 140.30000000000007], [96.44999999999999, 271.70000000000005, 140.30000000000007], [100.94999999999999, 271.70000000000005, 140.30000000000007]], "well_depths": [0, 0, 0, 0, 0, 0, 0, 0, 0, 0, 0, 0, 0, 0, 0, 0, 0, 0, 0, 0, 0, 0, 0, 0, 0, 0, 0], "well_nicknames": ["A1", "A2", "A3", "A4", "A5", "A6", "A7", "A8", "A9", "B1", "B2", "B3", "B4", "B5", "B6", "B7", "B8", "B9", "C1", "C2", "C3", "C4", "C5", "C6", "C7", "C8", "C9"], "offset": 0}]}