{"models": [{"model": "CUSTOM.json", "grid": [4, 5], "well_locations": [[301.5, 146.0, 68.5], [317.125, 146.0, 68.5], [332.75, 146.0, 68.5], [348.375, 146.0, 68.5], [364.0, 146.0, 68.5], [301.5, 128.83333333333334, 68.5], [317.125, 128.83333333333334, 68.5], [332.75, 128.83333333333334, 68.5], [348.375, 128.83333333333334, 68.5], [364.0, 128.83333333333334, 68.5], [301.5, 111.66666666666667, 68.5], [317.125, 111.66666666666667, 68.5], [332.75, 111.66666666666667, 68.5], [348.375, 111.66666666666667, 68.5], [364.0, 111.66666666666667, 68.5], [301.5, 94.5, 68.5], [317.125, 94.5, 68.5], [332.75, 94.5, 68.5], [348.375, 94.5, 68.5], [364.0, 94.5, 68.5]], "well_depths": [20, 20, 20, 20, 20, 20, 20, 20, 20, 20, 20, 20, 20, 20, 20, 20, 20, 20, 20, 20], "well_nicknames": ["A1", "A2", "A3", "A4", "A5", "B1", "B2", "B3", "B4", "B5", "C1", "C2", "C3", "C4", "C5", "D1", "D2", "D3", "D4", "D5"], "offset": 0}, {"model": "MicroPOTS_3.json", "grid": [3, 9], "well_locations": [[65.65, 279.84999999999974, 144.75], [70.15, 279.84999999999974, 144.75], [74.65, 279.84999999999974, 144.75], [79.15, 279.84999999999974, 144.75], [83.65, 279.84999999999974, 144.75], [88.15, 279.84999999999974, 144.75], [92.65, 279.84999999999974, 144.75], [97.15, 279.84999999999974, 144.75], [101.65, 279.84999999999974, 144.75], [65.65, 275.34999999999974, 144.75], [70.15, 275.34999999999974, 144.75], [74.65, 275.34999999999974, 144.75], [79.15, 275.34999999999974, 144.75], [83.65, 275.34999999999974, 144.75], [88.15, 275.34999999999974, 144.75], [92.65, 275.34999999999974, 144.75], [97.15, 275.34999999999974, 144.75], [101.65, 275.34999999999974, 144.75], [65.65, 270.84999999999974, 144.75], [70.15, 270.84999999999974, 144.75], [74.65, 270.84999999999974, 144.75], [79.15, 270.84999999999974, 144.75], [83.65, 270.84999999999974, 144.75], [88.15, 270.84999999999974, 144.75], [92.65, 270.84999999999974, 144.75], [97.15, 270.84999999999974, 144.75], [101.65, 270.84999999999974, 144.75]], "well_depths": [0, 0, 0, 0, 0, 0, 0, 0, 0, 0, 0, 0, 0, 0, 0, 0, 0, 0, 0, 0, 0, 0, 0, 0, 0, 0, 0], "well_nicknames": ["A1", "A2", "A3", "A4", "A5", "A6", "A7", "A8", "A9", "B1", "B2", "B3", "B4", "B5", "B6", "B7", "B8", "B9", "C1", "C2", "C3", "C4", "C5", "C6", "C7", "C8", "C9"], "offset": 0}]}